BANKNIFTYWK36000CE,01-10-2021 09:15,1144.75
BANKNIFTYWK36000CE,01-10-2021 09:16,1174.85
BANKNIFTYWK36000CE,01-10-2021 09:17,1175
BANKNIFTYWK36000CE,01-10-2021 09:18,1181.9
BANKNIFTYWK36000CE,01-10-2021 09:19,1162.65
BANKNIFTYWK36000CE,01-10-2021 09:20,1160
BANKNIFTYWK36000CE,01-10-2021 09:21,1129.2
BANKNIFTYWK36000CE,01-10-2021 09:22,1223
BANKNIFTYWK36000CE,01-10-2021 09:23,1188.7
BANKNIFTYWK36000CE,01-10-2021 09:24,1190.4
BANKNIFTYWK36000CE,01-10-2021 09:25,1178.75
BANKNIFTYWK36000CE,01-10-2021 09:26,1213.8
BANKNIFTYWK36000CE,01-10-2021 09:27,1240.05
BANKNIFTYWK36000CE,01-10-2021 09:28,1237.2
BANKNIFTYWK36000CE,01-10-2021 09:29,1255.75
BANKNIFTYWK36000CE,01-10-2021 09:30,1253.8
BANKNIFTYWK36000CE,01-10-2021 09:31,1266
BANKNIFTYWK36000CE,01-10-2021 09:32,1286.1
BANKNIFTYWK36000CE,01-10-2021 09:33,1265.5
BANKNIFTYWK36000CE,01-10-2021 09:34,1250
BANKNIFTYWK36000CE,01-10-2021 09:35,1250.2
BANKNIFTYWK36000CE,01-10-2021 09:36,1210.2
BANKNIFTYWK36000CE,01-10-2021 09:37,1277
BANKNIFTYWK36000CE,01-10-2021 09:38,1265.45
BANKNIFTYWK36000CE,01-10-2021 09:39,1253.1
BANKNIFTYWK36000CE,01-10-2021 09:40,1254.15
BANKNIFTYWK36000CE,01-10-2021 09:41,1275
BANKNIFTYWK36000CE,01-10-2021 09:42,1300
BANKNIFTYWK36000CE,01-10-2021 09:43,1280
BANKNIFTYWK36000CE,01-10-2021 09:44,1230
BANKNIFTYWK36000CE,01-10-2021 09:45,1219
BANKNIFTYWK36000CE,01-10-2021 09:46,1199.55
BANKNIFTYWK36000CE,01-10-2021 09:47,1192.65
BANKNIFTYWK36000CE,01-10-2021 09:48,1218.9
BANKNIFTYWK36000CE,01-10-2021 09:49,1218.9
BANKNIFTYWK36000CE,01-10-2021 09:50,1162
BANKNIFTYWK36000CE,01-10-2021 09:51,1146.45
BANKNIFTYWK36000CE,01-10-2021 09:52,1145
BANKNIFTYWK36000CE,01-10-2021 09:53,1174
BANKNIFTYWK36000CE,01-10-2021 09:54,1158.6
BANKNIFTYWK36000CE,01-10-2021 09:55,1164.55
BANKNIFTYWK36000CE,01-10-2021 09:56,1153.2
BANKNIFTYWK36000CE,01-10-2021 09:57,1155
BANKNIFTYWK36000CE,01-10-2021 09:58,1180
BANKNIFTYWK36000CE,01-10-2021 09:59,1181.25
BANKNIFTYWK36000CE,01-10-2021 10:00,1195.15
BANKNIFTYWK36000CE,01-10-2021 10:01,1202.6
BANKNIFTYWK36000CE,01-10-2021 10:02,1184.45
BANKNIFTYWK36000CE,01-10-2021 10:03,1185
BANKNIFTYWK36000CE,01-10-2021 10:04,1185
BANKNIFTYWK36000CE,01-10-2021 10:05,1210
BANKNIFTYWK36000CE,01-10-2021 10:06,1205
BANKNIFTYWK36000CE,01-10-2021 10:07,1203.7
BANKNIFTYWK36000CE,01-10-2021 10:08,1206
BANKNIFTYWK36000CE,01-10-2021 10:11,1211.7
BANKNIFTYWK36000CE,01-10-2021 10:12,1190
BANKNIFTYWK36000CE,01-10-2021 10:13,1180.75
BANKNIFTYWK36000CE,01-10-2021 10:14,1209.6
BANKNIFTYWK36000CE,01-10-2021 10:15,1250
BANKNIFTYWK36000CE,01-10-2021 10:16,1246.85
BANKNIFTYWK36000CE,01-10-2021 10:17,1290
BANKNIFTYWK36000CE,01-10-2021 10:18,1290.95
BANKNIFTYWK36000CE,01-10-2021 10:19,1286.15
BANKNIFTYWK36000CE,01-10-2021 10:20,1269.5
BANKNIFTYWK36000CE,01-10-2021 10:21,1305
BANKNIFTYWK36000CE,01-10-2021 10:22,1327.6
BANKNIFTYWK36000CE,01-10-2021 10:23,1340.35
BANKNIFTYWK36000CE,01-10-2021 10:24,1346.4
BANKNIFTYWK36000CE,01-10-2021 10:25,1320
BANKNIFTYWK36000CE,01-10-2021 10:26,1333
BANKNIFTYWK36000CE,01-10-2021 10:27,1346.25
BANKNIFTYWK36000CE,01-10-2021 10:28,1349
BANKNIFTYWK36000CE,01-10-2021 10:29,1349
BANKNIFTYWK36000CE,01-10-2021 10:30,1320.8
BANKNIFTYWK36000CE,01-10-2021 10:31,1320.8
BANKNIFTYWK36000CE,01-10-2021 10:32,1321.95
BANKNIFTYWK36000CE,01-10-2021 10:33,1300
BANKNIFTYWK36000CE,01-10-2021 10:34,1316.15
BANKNIFTYWK36000CE,01-10-2021 10:36,1275
BANKNIFTYWK36000CE,01-10-2021 10:37,1296
BANKNIFTYWK36000CE,01-10-2021 10:38,1296
BANKNIFTYWK36000CE,01-10-2021 10:39,1321.65
BANKNIFTYWK36000CE,01-10-2021 10:40,1320
BANKNIFTYWK36000CE,01-10-2021 10:41,1320
BANKNIFTYWK36000CE,01-10-2021 10:42,1305.25
BANKNIFTYWK36000CE,01-10-2021 10:43,1335.65
BANKNIFTYWK36000CE,01-10-2021 10:45,1340
BANKNIFTYWK36000CE,01-10-2021 10:46,1400
BANKNIFTYWK36000CE,01-10-2021 10:47,1396.25
BANKNIFTYWK36000CE,01-10-2021 10:48,1404.15
BANKNIFTYWK36000CE,01-10-2021 10:49,1407.15
BANKNIFTYWK36000CE,01-10-2021 10:50,1375.4
BANKNIFTYWK36000CE,01-10-2021 10:51,1374.15
BANKNIFTYWK36000CE,01-10-2021 10:52,1389.6
BANKNIFTYWK36000CE,01-10-2021 10:53,1389.6
BANKNIFTYWK36000CE,01-10-2021 10:54,1375.65
BANKNIFTYWK36000CE,01-10-2021 10:56,1358
BANKNIFTYWK36000CE,01-10-2021 10:57,1349.1
BANKNIFTYWK36000CE,01-10-2021 11:01,1387.05
BANKNIFTYWK36000CE,01-10-2021 11:02,1348.2
BANKNIFTYWK36000CE,01-10-2021 11:04,1365.65
BANKNIFTYWK36000CE,01-10-2021 11:05,1372.2
BANKNIFTYWK36000CE,01-10-2021 11:06,1352.7
BANKNIFTYWK36000CE,01-10-2021 11:07,1340
BANKNIFTYWK36000CE,01-10-2021 11:08,1331.75
BANKNIFTYWK36000CE,01-10-2021 11:09,1331.75
BANKNIFTYWK36000CE,01-10-2021 11:10,1316
BANKNIFTYWK36000CE,01-10-2021 11:11,1320
BANKNIFTYWK36000CE,01-10-2021 11:12,1329.35
BANKNIFTYWK36000CE,01-10-2021 11:13,1348
BANKNIFTYWK36000CE,01-10-2021 11:14,1336
BANKNIFTYWK36000CE,01-10-2021 11:15,1330.6
BANKNIFTYWK36000CE,01-10-2021 11:16,1348
BANKNIFTYWK36000CE,01-10-2021 11:17,1349
BANKNIFTYWK36000CE,01-10-2021 11:18,1334.05
BANKNIFTYWK36000CE,01-10-2021 11:19,1366
BANKNIFTYWK36000CE,01-10-2021 11:21,1385.75
BANKNIFTYWK36000CE,01-10-2021 11:24,1350
BANKNIFTYWK36000CE,01-10-2021 11:26,1333.95
BANKNIFTYWK36000CE,01-10-2021 11:29,1333.95
BANKNIFTYWK36000CE,01-10-2021 11:30,1325
BANKNIFTYWK36000CE,01-10-2021 11:33,1335.45
BANKNIFTYWK36000CE,01-10-2021 11:35,1312.85
BANKNIFTYWK36000CE,01-10-2021 11:36,1326.25
BANKNIFTYWK36000CE,01-10-2021 11:37,1334.55
BANKNIFTYWK36000CE,01-10-2021 11:38,1348.15
BANKNIFTYWK36000CE,01-10-2021 11:39,1362.9
BANKNIFTYWK36000CE,01-10-2021 11:40,1351.9
BANKNIFTYWK36000CE,01-10-2021 11:41,1360.2
BANKNIFTYWK36000CE,01-10-2021 11:42,1346.45
BANKNIFTYWK36000CE,01-10-2021 11:44,1341.35
BANKNIFTYWK36000CE,01-10-2021 11:45,1339
BANKNIFTYWK36000CE,01-10-2021 11:46,1323.95
BANKNIFTYWK36000CE,01-10-2021 11:47,1286
BANKNIFTYWK36000CE,01-10-2021 11:49,1286
BANKNIFTYWK36000CE,01-10-2021 11:50,1275.25
BANKNIFTYWK36000CE,01-10-2021 11:52,1253
BANKNIFTYWK36000CE,01-10-2021 11:53,1250
BANKNIFTYWK36000CE,01-10-2021 11:55,1275
BANKNIFTYWK36000CE,01-10-2021 11:59,1250
BANKNIFTYWK36000CE,01-10-2021 12:00,1233.75
BANKNIFTYWK36000CE,01-10-2021 12:01,1237.35
BANKNIFTYWK36000CE,01-10-2021 12:02,1220
BANKNIFTYWK36000CE,01-10-2021 12:04,1231.45
BANKNIFTYWK36000CE,01-10-2021 12:05,1225.75
BANKNIFTYWK36000CE,01-10-2021 12:06,1220
BANKNIFTYWK36000CE,01-10-2021 12:07,1259.15
BANKNIFTYWK36000CE,01-10-2021 12:08,1229.35
BANKNIFTYWK36000CE,01-10-2021 12:09,1250
BANKNIFTYWK36000CE,01-10-2021 12:10,1248.25
BANKNIFTYWK36000CE,01-10-2021 12:11,1243.25
BANKNIFTYWK36000CE,01-10-2021 12:12,1250
BANKNIFTYWK36000CE,01-10-2021 12:13,1223.5
BANKNIFTYWK36000CE,01-10-2021 12:14,1218.3
BANKNIFTYWK36000CE,01-10-2021 12:15,1216.75
BANKNIFTYWK36000CE,01-10-2021 12:16,1240
BANKNIFTYWK36000CE,01-10-2021 12:17,1260
BANKNIFTYWK36000CE,01-10-2021 12:19,1268
BANKNIFTYWK36000CE,01-10-2021 12:20,1268.8
BANKNIFTYWK36000CE,01-10-2021 12:21,1262.4
BANKNIFTYWK36000CE,01-10-2021 12:22,1278.9
BANKNIFTYWK36000CE,01-10-2021 12:23,1262.75
BANKNIFTYWK36000CE,01-10-2021 12:24,1268
BANKNIFTYWK36000CE,01-10-2021 12:25,1253.25
BANKNIFTYWK36000CE,01-10-2021 12:26,1240.8
BANKNIFTYWK36000CE,01-10-2021 12:27,1231.8
BANKNIFTYWK36000CE,01-10-2021 12:28,1243.5
BANKNIFTYWK36000CE,01-10-2021 12:29,1272
BANKNIFTYWK36000CE,01-10-2021 12:30,1267.55
BANKNIFTYWK36000CE,01-10-2021 12:31,1270
BANKNIFTYWK36000CE,01-10-2021 12:32,1253.05
BANKNIFTYWK36000CE,01-10-2021 12:33,1253.05
BANKNIFTYWK36000CE,01-10-2021 12:34,1239
BANKNIFTYWK36000CE,01-10-2021 12:35,1220
BANKNIFTYWK36000CE,01-10-2021 12:36,1203.45
BANKNIFTYWK36000CE,01-10-2021 12:37,1217
BANKNIFTYWK36000CE,01-10-2021 12:38,1220
BANKNIFTYWK36000CE,01-10-2021 12:39,1205
BANKNIFTYWK36000CE,01-10-2021 12:40,1200
BANKNIFTYWK36000CE,01-10-2021 12:41,1189.65
BANKNIFTYWK36000CE,01-10-2021 12:42,1198
BANKNIFTYWK36000CE,01-10-2021 12:43,1220
BANKNIFTYWK36000CE,01-10-2021 12:45,1215
BANKNIFTYWK36000CE,01-10-2021 12:46,1205.55
BANKNIFTYWK36000CE,01-10-2021 12:47,1200
BANKNIFTYWK36000CE,01-10-2021 12:48,1195.45
BANKNIFTYWK36000CE,01-10-2021 12:49,1220.9
BANKNIFTYWK36000CE,01-10-2021 12:50,1223.75
BANKNIFTYWK36000CE,01-10-2021 12:51,1236.5
BANKNIFTYWK36000CE,01-10-2021 12:52,1231.85
BANKNIFTYWK36000CE,01-10-2021 12:53,1231.85
BANKNIFTYWK36000CE,01-10-2021 12:55,1266
BANKNIFTYWK36000CE,01-10-2021 12:56,1255
BANKNIFTYWK36000CE,01-10-2021 12:57,1255
BANKNIFTYWK36000CE,01-10-2021 12:59,1273.95
BANKNIFTYWK36000CE,01-10-2021 13:00,1273.6
BANKNIFTYWK36000CE,01-10-2021 13:01,1288.05
BANKNIFTYWK36000CE,01-10-2021 13:02,1255
BANKNIFTYWK36000CE,01-10-2021 13:04,1255
BANKNIFTYWK36000CE,01-10-2021 13:06,1271.4
BANKNIFTYWK36000CE,01-10-2021 13:07,1260.05
BANKNIFTYWK36000CE,01-10-2021 13:08,1298
BANKNIFTYWK36000CE,01-10-2021 13:10,1302.9
BANKNIFTYWK36000CE,01-10-2021 13:11,1302.9
BANKNIFTYWK36000CE,01-10-2021 13:13,1290
BANKNIFTYWK36000CE,01-10-2021 13:14,1263
BANKNIFTYWK36000CE,01-10-2021 13:15,1266.7
BANKNIFTYWK36000CE,01-10-2021 13:16,1254.7
BANKNIFTYWK36000CE,01-10-2021 13:17,1272.3
BANKNIFTYWK36000CE,01-10-2021 13:18,1240
BANKNIFTYWK36000CE,01-10-2021 13:19,1268
BANKNIFTYWK36000CE,01-10-2021 13:20,1285.3
BANKNIFTYWK36000CE,01-10-2021 13:21,1290
BANKNIFTYWK36000CE,01-10-2021 13:22,1284
BANKNIFTYWK36000CE,01-10-2021 13:23,1260
BANKNIFTYWK36000CE,01-10-2021 13:24,1287.5
BANKNIFTYWK36000CE,01-10-2021 13:25,1287.5
BANKNIFTYWK36000CE,01-10-2021 13:26,1290
BANKNIFTYWK36000CE,01-10-2021 13:27,1293.95
BANKNIFTYWK36000CE,01-10-2021 13:29,1293.95
BANKNIFTYWK36000CE,01-10-2021 13:30,1289.8
BANKNIFTYWK36000CE,01-10-2021 13:32,1294.4
BANKNIFTYWK36000CE,01-10-2021 13:33,1302.75
BANKNIFTYWK36000CE,01-10-2021 13:34,1305
BANKNIFTYWK36000CE,01-10-2021 13:35,1281
BANKNIFTYWK36000CE,01-10-2021 13:36,1288
BANKNIFTYWK36000CE,01-10-2021 13:37,1271.85
BANKNIFTYWK36000CE,01-10-2021 13:38,1260
BANKNIFTYWK36000CE,01-10-2021 13:39,1240
BANKNIFTYWK36000CE,01-10-2021 13:40,1230
BANKNIFTYWK36000CE,01-10-2021 13:41,1222.7
BANKNIFTYWK36000CE,01-10-2021 13:42,1241.5
BANKNIFTYWK36000CE,01-10-2021 13:43,1235
BANKNIFTYWK36000CE,01-10-2021 13:44,1235
BANKNIFTYWK36000CE,01-10-2021 13:45,1238.5
BANKNIFTYWK36000CE,01-10-2021 13:49,1261
BANKNIFTYWK36000CE,01-10-2021 13:51,1221.15
BANKNIFTYWK36000CE,01-10-2021 13:53,1221
BANKNIFTYWK36000CE,01-10-2021 13:54,1221
BANKNIFTYWK36000CE,01-10-2021 13:55,1211
BANKNIFTYWK36000CE,01-10-2021 13:56,1235.75
BANKNIFTYWK36000CE,01-10-2021 13:57,1215
BANKNIFTYWK36000CE,01-10-2021 13:59,1234.95
BANKNIFTYWK36000CE,01-10-2021 14:00,1250
BANKNIFTYWK36000CE,01-10-2021 14:01,1250
BANKNIFTYWK36000CE,01-10-2021 14:03,1236.6
BANKNIFTYWK36000CE,01-10-2021 14:04,1244.35
BANKNIFTYWK36000CE,01-10-2021 14:05,1254
BANKNIFTYWK36000CE,01-10-2021 14:06,1259
BANKNIFTYWK36000CE,01-10-2021 14:07,1259
BANKNIFTYWK36000CE,01-10-2021 14:10,1270.85
BANKNIFTYWK36000CE,01-10-2021 14:11,1270.85
BANKNIFTYWK36000CE,01-10-2021 14:13,1270.85
BANKNIFTYWK36000CE,01-10-2021 14:15,1273
BANKNIFTYWK36000CE,01-10-2021 14:16,1273
BANKNIFTYWK36000CE,01-10-2021 14:17,1280
BANKNIFTYWK36000CE,01-10-2021 14:19,1254.95
BANKNIFTYWK36000CE,01-10-2021 14:25,1257.1
BANKNIFTYWK36000CE,01-10-2021 14:26,1265.2
BANKNIFTYWK36000CE,01-10-2021 14:27,1261
BANKNIFTYWK36000CE,01-10-2021 14:29,1300.15
BANKNIFTYWK36000CE,01-10-2021 14:30,1295.85
BANKNIFTYWK36000CE,01-10-2021 14:31,1311
BANKNIFTYWK36000CE,01-10-2021 14:32,1294.4
BANKNIFTYWK36000CE,01-10-2021 14:33,1291
BANKNIFTYWK36000CE,01-10-2021 14:34,1276.5
BANKNIFTYWK36000CE,01-10-2021 14:35,1263.95
BANKNIFTYWK36000CE,01-10-2021 14:36,1269.2
BANKNIFTYWK36000CE,01-10-2021 14:37,1264
BANKNIFTYWK36000CE,01-10-2021 14:38,1262
BANKNIFTYWK36000CE,01-10-2021 14:39,1262
BANKNIFTYWK36000CE,01-10-2021 14:40,1274.8
BANKNIFTYWK36000CE,01-10-2021 14:43,1263
BANKNIFTYWK36000CE,01-10-2021 14:45,1280
BANKNIFTYWK36000CE,01-10-2021 14:46,1280
BANKNIFTYWK36000CE,01-10-2021 14:47,1308
BANKNIFTYWK36000CE,01-10-2021 14:48,1290
BANKNIFTYWK36000CE,01-10-2021 14:49,1271
BANKNIFTYWK36000CE,01-10-2021 14:50,1275.15
BANKNIFTYWK36000CE,01-10-2021 14:54,1288
BANKNIFTYWK36000CE,01-10-2021 14:55,1296.45
BANKNIFTYWK36000CE,01-10-2021 14:56,1300
BANKNIFTYWK36000CE,01-10-2021 14:57,1294.4
BANKNIFTYWK36000CE,01-10-2021 14:59,1294.4
BANKNIFTYWK36000CE,01-10-2021 15:00,1350
BANKNIFTYWK36000CE,01-10-2021 15:01,1348.6
BANKNIFTYWK36000CE,01-10-2021 15:02,1350.45
BANKNIFTYWK36000CE,01-10-2021 15:03,1350.45
BANKNIFTYWK36000CE,01-10-2021 15:04,1359.8
BANKNIFTYWK36000CE,01-10-2021 15:05,1352.45
BANKNIFTYWK36000CE,01-10-2021 15:06,1343
BANKNIFTYWK36000CE,01-10-2021 15:07,1347.6
BANKNIFTYWK36000CE,01-10-2021 15:08,1330
BANKNIFTYWK36000CE,01-10-2021 15:09,1340
BANKNIFTYWK36000CE,01-10-2021 15:10,1331.2
BANKNIFTYWK36000CE,01-10-2021 15:11,1328.9
BANKNIFTYWK36000CE,01-10-2021 15:12,1334.25
BANKNIFTYWK36000CE,01-10-2021 15:13,1320
BANKNIFTYWK36000CE,01-10-2021 15:14,1310
BANKNIFTYWK36000CE,01-10-2021 15:15,1308.1
BANKNIFTYWK36000CE,01-10-2021 15:16,1290
BANKNIFTYWK36000CE,01-10-2021 15:17,1275.15
BANKNIFTYWK36000CE,01-10-2021 15:18,1285
BANKNIFTYWK36000CE,01-10-2021 15:19,1285
BANKNIFTYWK36000CE,01-10-2021 15:20,1346.55
BANKNIFTYWK36000CE,01-10-2021 15:22,1327.8
BANKNIFTYWK36000CE,01-10-2021 15:23,1330
BANKNIFTYWK36000CE,01-10-2021 15:24,1329.7
BANKNIFTYWK36000CE,01-10-2021 15:25,1320
BANKNIFTYWK36000CE,01-10-2021 15:26,1315.15
BANKNIFTYWK36000CE,01-10-2021 15:27,1324.25
BANKNIFTYWK36000CE,01-10-2021 15:28,1320
BANKNIFTYWK36000CE,01-10-2021 15:29,1314.4
BANKNIFTYWK36000CE,04-10-2021 09:15,1489.35
BANKNIFTYWK36000CE,04-10-2021 09:16,1527.95
BANKNIFTYWK36000CE,04-10-2021 09:17,1515.45
BANKNIFTYWK36000CE,04-10-2021 09:18,1511.35
BANKNIFTYWK36000CE,04-10-2021 09:19,1522.55
BANKNIFTYWK36000CE,04-10-2021 09:20,1550
BANKNIFTYWK36000CE,04-10-2021 09:21,1539.1
BANKNIFTYWK36000CE,04-10-2021 09:22,1561.7
BANKNIFTYWK36000CE,04-10-2021 09:23,1550.9
BANKNIFTYWK36000CE,04-10-2021 09:24,1530.05
BANKNIFTYWK36000CE,04-10-2021 09:25,1560
BANKNIFTYWK36000CE,04-10-2021 09:26,1532.9
BANKNIFTYWK36000CE,04-10-2021 09:27,1541.15
BANKNIFTYWK36000CE,04-10-2021 09:28,1541
BANKNIFTYWK36000CE,04-10-2021 09:29,1519.35
BANKNIFTYWK36000CE,04-10-2021 09:30,1550
BANKNIFTYWK36000CE,04-10-2021 09:31,1585
BANKNIFTYWK36000CE,04-10-2021 09:32,1591.25
BANKNIFTYWK36000CE,04-10-2021 09:33,1591
BANKNIFTYWK36000CE,04-10-2021 09:34,1573.15
BANKNIFTYWK36000CE,04-10-2021 09:35,1580
BANKNIFTYWK36000CE,04-10-2021 09:36,1589.3
BANKNIFTYWK36000CE,04-10-2021 09:37,1571
BANKNIFTYWK36000CE,04-10-2021 09:38,1571
BANKNIFTYWK36000CE,04-10-2021 09:39,1593.8
BANKNIFTYWK36000CE,04-10-2021 09:40,1580
BANKNIFTYWK36000CE,04-10-2021 09:41,1576.2
BANKNIFTYWK36000CE,04-10-2021 09:42,1570.4
BANKNIFTYWK36000CE,04-10-2021 09:43,1563.75
BANKNIFTYWK36000CE,04-10-2021 09:44,1563.75
BANKNIFTYWK36000CE,04-10-2021 09:45,1550.7
BANKNIFTYWK36000CE,04-10-2021 09:46,1554.35
BANKNIFTYWK36000CE,04-10-2021 09:47,1554.35
BANKNIFTYWK36000CE,04-10-2021 09:50,1571
BANKNIFTYWK36000CE,04-10-2021 09:51,1567.45
BANKNIFTYWK36000CE,04-10-2021 09:52,1571.35
BANKNIFTYWK36000CE,04-10-2021 09:53,1600
BANKNIFTYWK36000CE,04-10-2021 09:55,1619.55
BANKNIFTYWK36000CE,04-10-2021 09:56,1629.95
BANKNIFTYWK36000CE,04-10-2021 09:57,1629.95
BANKNIFTYWK36000CE,04-10-2021 09:58,1639.95
BANKNIFTYWK36000CE,04-10-2021 10:00,1620
BANKNIFTYWK36000CE,04-10-2021 10:02,1648
BANKNIFTYWK36000CE,04-10-2021 10:03,1636
BANKNIFTYWK36000CE,04-10-2021 10:04,1623
BANKNIFTYWK36000CE,04-10-2021 10:05,1625
BANKNIFTYWK36000CE,04-10-2021 10:06,1639.85
BANKNIFTYWK36000CE,04-10-2021 10:07,1628.9
BANKNIFTYWK36000CE,04-10-2021 10:08,1619.4
BANKNIFTYWK36000CE,04-10-2021 10:09,1610
BANKNIFTYWK36000CE,04-10-2021 10:10,1605
BANKNIFTYWK36000CE,04-10-2021 10:12,1607.45
BANKNIFTYWK36000CE,04-10-2021 10:13,1610
BANKNIFTYWK36000CE,04-10-2021 10:14,1605.05
BANKNIFTYWK36000CE,04-10-2021 10:16,1611.55
BANKNIFTYWK36000CE,04-10-2021 10:17,1590.05
BANKNIFTYWK36000CE,04-10-2021 10:19,1581.5
BANKNIFTYWK36000CE,04-10-2021 10:20,1581.5
BANKNIFTYWK36000CE,04-10-2021 10:21,1600
BANKNIFTYWK36000CE,04-10-2021 10:22,1620
BANKNIFTYWK36000CE,04-10-2021 10:23,1613.1
BANKNIFTYWK36000CE,04-10-2021 10:24,1620
BANKNIFTYWK36000CE,04-10-2021 10:28,1622.3
BANKNIFTYWK36000CE,04-10-2021 10:30,1629.45
BANKNIFTYWK36000CE,04-10-2021 10:32,1630.45
BANKNIFTYWK36000CE,04-10-2021 10:33,1602.7
BANKNIFTYWK36000CE,04-10-2021 10:34,1600
BANKNIFTYWK36000CE,04-10-2021 10:36,1598.8
BANKNIFTYWK36000CE,04-10-2021 10:37,1598
BANKNIFTYWK36000CE,04-10-2021 10:39,1639.45
BANKNIFTYWK36000CE,04-10-2021 10:40,1643.3
BANKNIFTYWK36000CE,04-10-2021 10:42,1654.45
BANKNIFTYWK36000CE,04-10-2021 10:45,1668.4
BANKNIFTYWK36000CE,04-10-2021 10:47,1668.4
BANKNIFTYWK36000CE,04-10-2021 10:48,1686.1
BANKNIFTYWK36000CE,04-10-2021 10:49,1680
BANKNIFTYWK36000CE,04-10-2021 10:50,1678
BANKNIFTYWK36000CE,04-10-2021 10:51,1678
BANKNIFTYWK36000CE,04-10-2021 10:54,1658.45
BANKNIFTYWK36000CE,04-10-2021 10:56,1680
BANKNIFTYWK36000CE,04-10-2021 10:59,1680
BANKNIFTYWK36000CE,04-10-2021 11:00,1665
BANKNIFTYWK36000CE,04-10-2021 11:01,1673.35
BANKNIFTYWK36000CE,04-10-2021 11:02,1663.55
BANKNIFTYWK36000CE,04-10-2021 11:03,1653.55
BANKNIFTYWK36000CE,04-10-2021 11:04,1652.75
BANKNIFTYWK36000CE,04-10-2021 11:07,1635.3
BANKNIFTYWK36000CE,04-10-2021 11:10,1631.3
BANKNIFTYWK36000CE,04-10-2021 11:12,1631.3
BANKNIFTYWK36000CE,04-10-2021 11:13,1642.35
BANKNIFTYWK36000CE,04-10-2021 11:14,1631.4
BANKNIFTYWK36000CE,04-10-2021 11:15,1626
BANKNIFTYWK36000CE,04-10-2021 11:16,1621.6
BANKNIFTYWK36000CE,04-10-2021 11:19,1621.6
BANKNIFTYWK36000CE,04-10-2021 11:23,1613.6
BANKNIFTYWK36000CE,04-10-2021 11:24,1620.2
BANKNIFTYWK36000CE,04-10-2021 11:25,1610.35
BANKNIFTYWK36000CE,04-10-2021 11:26,1600
BANKNIFTYWK36000CE,04-10-2021 11:27,1600
BANKNIFTYWK36000CE,04-10-2021 11:30,1600
BANKNIFTYWK36000CE,04-10-2021 11:32,1609.25
BANKNIFTYWK36000CE,04-10-2021 11:33,1605
BANKNIFTYWK36000CE,04-10-2021 11:34,1608.25
BANKNIFTYWK36000CE,04-10-2021 11:39,1616
BANKNIFTYWK36000CE,04-10-2021 11:42,1600
BANKNIFTYWK36000CE,04-10-2021 11:43,1600.75
BANKNIFTYWK36000CE,04-10-2021 11:44,1590
BANKNIFTYWK36000CE,04-10-2021 11:45,1576.4
BANKNIFTYWK36000CE,04-10-2021 11:46,1577.5
BANKNIFTYWK36000CE,04-10-2021 11:47,1575.6
BANKNIFTYWK36000CE,04-10-2021 11:48,1577.75
BANKNIFTYWK36000CE,04-10-2021 11:49,1590.65
BANKNIFTYWK36000CE,04-10-2021 11:50,1599.25
BANKNIFTYWK36000CE,04-10-2021 11:52,1605.6
BANKNIFTYWK36000CE,04-10-2021 11:53,1611.2
BANKNIFTYWK36000CE,04-10-2021 11:55,1624.45
BANKNIFTYWK36000CE,04-10-2021 11:56,1621.1
BANKNIFTYWK36000CE,04-10-2021 11:57,1624.45
BANKNIFTYWK36000CE,04-10-2021 11:59,1622.95
BANKNIFTYWK36000CE,04-10-2021 12:00,1630.15
BANKNIFTYWK36000CE,04-10-2021 12:01,1632
BANKNIFTYWK36000CE,04-10-2021 12:02,1637.55
BANKNIFTYWK36000CE,04-10-2021 12:03,1638.25
BANKNIFTYWK36000CE,04-10-2021 12:04,1639.6
BANKNIFTYWK36000CE,04-10-2021 12:06,1641.7
BANKNIFTYWK36000CE,04-10-2021 12:08,1637
BANKNIFTYWK36000CE,04-10-2021 12:09,1637
BANKNIFTYWK36000CE,04-10-2021 12:10,1648.75
BANKNIFTYWK36000CE,04-10-2021 12:14,1648.75
BANKNIFTYWK36000CE,04-10-2021 12:19,1626.75
BANKNIFTYWK36000CE,04-10-2021 12:23,1600.2
BANKNIFTYWK36000CE,04-10-2021 12:24,1577.25
BANKNIFTYWK36000CE,04-10-2021 12:25,1577.25
BANKNIFTYWK36000CE,04-10-2021 12:26,1550
BANKNIFTYWK36000CE,04-10-2021 12:30,1537.9
BANKNIFTYWK36000CE,04-10-2021 12:31,1565.35
BANKNIFTYWK36000CE,04-10-2021 12:33,1565
BANKNIFTYWK36000CE,04-10-2021 12:34,1565
BANKNIFTYWK36000CE,04-10-2021 12:35,1580
BANKNIFTYWK36000CE,04-10-2021 12:36,1588.95
BANKNIFTYWK36000CE,04-10-2021 12:38,1585
BANKNIFTYWK36000CE,04-10-2021 12:39,1585
BANKNIFTYWK36000CE,04-10-2021 12:40,1590.95
BANKNIFTYWK36000CE,04-10-2021 12:41,1590.95
BANKNIFTYWK36000CE,04-10-2021 12:45,1583
BANKNIFTYWK36000CE,04-10-2021 12:50,1572.6
BANKNIFTYWK36000CE,04-10-2021 12:51,1555.15
BANKNIFTYWK36000CE,04-10-2021 13:01,1579.3
BANKNIFTYWK36000CE,04-10-2021 13:12,1579.3
BANKNIFTYWK36000CE,04-10-2021 13:15,1623.85
BANKNIFTYWK36000CE,04-10-2021 13:18,1625.65
BANKNIFTYWK36000CE,04-10-2021 13:26,1620
BANKNIFTYWK36000CE,04-10-2021 13:27,1623.2
BANKNIFTYWK36000CE,04-10-2021 13:30,1636.65
BANKNIFTYWK36000CE,04-10-2021 13:31,1640.45
BANKNIFTYWK36000CE,04-10-2021 13:35,1648
BANKNIFTYWK36000CE,04-10-2021 13:40,1668.35
BANKNIFTYWK36000CE,04-10-2021 13:41,1643
BANKNIFTYWK36000CE,04-10-2021 13:43,1643
BANKNIFTYWK36000CE,04-10-2021 13:44,1625.85
BANKNIFTYWK36000CE,04-10-2021 13:45,1633.5
BANKNIFTYWK36000CE,04-10-2021 13:46,1630.45
BANKNIFTYWK36000CE,04-10-2021 13:47,1630.45
BANKNIFTYWK36000CE,04-10-2021 13:48,1640.1
BANKNIFTYWK36000CE,04-10-2021 13:53,1628.5
BANKNIFTYWK36000CE,04-10-2021 13:54,1630
BANKNIFTYWK36000CE,04-10-2021 13:57,1639.95
BANKNIFTYWK36000CE,04-10-2021 14:00,1650
BANKNIFTYWK36000CE,04-10-2021 14:01,1601
BANKNIFTYWK36000CE,04-10-2021 14:05,1601
BANKNIFTYWK36000CE,04-10-2021 14:07,1692
BANKNIFTYWK36000CE,04-10-2021 14:08,1671.05
BANKNIFTYWK36000CE,04-10-2021 14:09,1671.15
BANKNIFTYWK36000CE,04-10-2021 14:11,1670
BANKNIFTYWK36000CE,04-10-2021 14:12,1675.2
BANKNIFTYWK36000CE,04-10-2021 14:14,1649.25
BANKNIFTYWK36000CE,04-10-2021 14:15,1677.5
BANKNIFTYWK36000CE,04-10-2021 14:17,1677.5
BANKNIFTYWK36000CE,04-10-2021 14:19,1672.85
BANKNIFTYWK36000CE,04-10-2021 14:20,1651.15
BANKNIFTYWK36000CE,04-10-2021 14:22,1651.15
BANKNIFTYWK36000CE,04-10-2021 14:24,1661.4
BANKNIFTYWK36000CE,04-10-2021 14:25,1666.85
BANKNIFTYWK36000CE,04-10-2021 14:27,1660.1
BANKNIFTYWK36000CE,04-10-2021 14:28,1654.2
BANKNIFTYWK36000CE,04-10-2021 14:32,1654.2
BANKNIFTYWK36000CE,04-10-2021 14:33,1641
BANKNIFTYWK36000CE,04-10-2021 14:35,1635.25
BANKNIFTYWK36000CE,04-10-2021 14:38,1625
BANKNIFTYWK36000CE,04-10-2021 14:39,1669.1
BANKNIFTYWK36000CE,04-10-2021 14:42,1669.1
BANKNIFTYWK36000CE,04-10-2021 14:44,1679.55
BANKNIFTYWK36000CE,04-10-2021 14:45,1660.65
BANKNIFTYWK36000CE,04-10-2021 14:46,1652.5
BANKNIFTYWK36000CE,04-10-2021 14:48,1652.5
BANKNIFTYWK36000CE,04-10-2021 14:49,1650
BANKNIFTYWK36000CE,04-10-2021 14:51,1650
BANKNIFTYWK36000CE,04-10-2021 14:54,1642
BANKNIFTYWK36000CE,04-10-2021 14:55,1642
BANKNIFTYWK36000CE,04-10-2021 14:56,1650.2
BANKNIFTYWK36000CE,04-10-2021 14:59,1650.2
BANKNIFTYWK36000CE,04-10-2021 15:02,1630.65
BANKNIFTYWK36000CE,04-10-2021 15:03,1631.3
BANKNIFTYWK36000CE,04-10-2021 15:04,1630
BANKNIFTYWK36000CE,04-10-2021 15:05,1630
BANKNIFTYWK36000CE,04-10-2021 15:06,1635
BANKNIFTYWK36000CE,04-10-2021 15:11,1643.2
BANKNIFTYWK36000CE,04-10-2021 15:12,1634.2
BANKNIFTYWK36000CE,04-10-2021 15:13,1642.5
BANKNIFTYWK36000CE,04-10-2021 15:16,1639.95
BANKNIFTYWK36000CE,04-10-2021 15:18,1633.15
BANKNIFTYWK36000CE,04-10-2021 15:19,1635.15
BANKNIFTYWK36000CE,04-10-2021 15:20,1656.45
BANKNIFTYWK36000CE,04-10-2021 15:21,1657.15
BANKNIFTYWK36000CE,04-10-2021 15:22,1658.4
BANKNIFTYWK36000CE,04-10-2021 15:23,1651.9
BANKNIFTYWK36000CE,04-10-2021 15:24,1657.6
BANKNIFTYWK36000CE,04-10-2021 15:25,1660
BANKNIFTYWK36000CE,04-10-2021 15:26,1660.55
BANKNIFTYWK36000CE,04-10-2021 15:27,1660.55
BANKNIFTYWK36000CE,04-10-2021 15:29,1665.7
BANKNIFTYWK36000CE,05-10-2021 09:15,1467.45
BANKNIFTYWK36000CE,05-10-2021 09:16,1425
BANKNIFTYWK36000CE,05-10-2021 09:17,1425
BANKNIFTYWK36000CE,05-10-2021 09:18,1486.1
BANKNIFTYWK36000CE,05-10-2021 09:19,1455.05
BANKNIFTYWK36000CE,05-10-2021 09:20,1468.2
BANKNIFTYWK36000CE,05-10-2021 09:21,1507.85
BANKNIFTYWK36000CE,05-10-2021 09:22,1529.4
BANKNIFTYWK36000CE,05-10-2021 09:23,1552.1
BANKNIFTYWK36000CE,05-10-2021 09:24,1544.1
BANKNIFTYWK36000CE,05-10-2021 09:25,1532.65
BANKNIFTYWK36000CE,05-10-2021 09:26,1560
BANKNIFTYWK36000CE,05-10-2021 09:27,1558.4
BANKNIFTYWK36000CE,05-10-2021 09:28,1527.65
BANKNIFTYWK36000CE,05-10-2021 09:30,1527.65
BANKNIFTYWK36000CE,05-10-2021 09:31,1500
BANKNIFTYWK36000CE,05-10-2021 09:32,1484.35
BANKNIFTYWK36000CE,05-10-2021 09:33,1500.05
BANKNIFTYWK36000CE,05-10-2021 09:34,1497.5
BANKNIFTYWK36000CE,05-10-2021 09:35,1512.45
BANKNIFTYWK36000CE,05-10-2021 09:36,1519
BANKNIFTYWK36000CE,05-10-2021 09:39,1526.25
BANKNIFTYWK36000CE,05-10-2021 09:41,1534.45
BANKNIFTYWK36000CE,05-10-2021 09:42,1543.3
BANKNIFTYWK36000CE,05-10-2021 09:43,1540
BANKNIFTYWK36000CE,05-10-2021 09:44,1522.4
BANKNIFTYWK36000CE,05-10-2021 09:45,1507.65
BANKNIFTYWK36000CE,05-10-2021 09:48,1495
BANKNIFTYWK36000CE,05-10-2021 09:49,1470
BANKNIFTYWK36000CE,05-10-2021 09:50,1460.85
BANKNIFTYWK36000CE,05-10-2021 09:51,1460.85
BANKNIFTYWK36000CE,05-10-2021 09:52,1486.6
BANKNIFTYWK36000CE,05-10-2021 09:54,1486.6
BANKNIFTYWK36000CE,05-10-2021 09:56,1484.1
BANKNIFTYWK36000CE,05-10-2021 09:58,1470
BANKNIFTYWK36000CE,05-10-2021 09:59,1436.65
BANKNIFTYWK36000CE,05-10-2021 10:01,1451.6
BANKNIFTYWK36000CE,05-10-2021 10:02,1469.95
BANKNIFTYWK36000CE,05-10-2021 10:07,1466.5
BANKNIFTYWK36000CE,05-10-2021 10:08,1466.5
BANKNIFTYWK36000CE,05-10-2021 10:09,1484.45
BANKNIFTYWK36000CE,05-10-2021 10:12,1490
BANKNIFTYWK36000CE,05-10-2021 10:13,1488.1
BANKNIFTYWK36000CE,05-10-2021 10:14,1488.1
BANKNIFTYWK36000CE,05-10-2021 10:15,1505
BANKNIFTYWK36000CE,05-10-2021 10:16,1493.6
BANKNIFTYWK36000CE,05-10-2021 10:17,1519
BANKNIFTYWK36000CE,05-10-2021 10:18,1520
BANKNIFTYWK36000CE,05-10-2021 10:19,1550
BANKNIFTYWK36000CE,05-10-2021 10:21,1527.15
BANKNIFTYWK36000CE,05-10-2021 10:22,1552.65
BANKNIFTYWK36000CE,05-10-2021 10:23,1540
BANKNIFTYWK36000CE,05-10-2021 10:24,1535.6
BANKNIFTYWK36000CE,05-10-2021 10:25,1524.15
BANKNIFTYWK36000CE,05-10-2021 10:27,1536.5
BANKNIFTYWK36000CE,05-10-2021 10:28,1536.5
BANKNIFTYWK36000CE,05-10-2021 10:29,1523.15
BANKNIFTYWK36000CE,05-10-2021 10:30,1523.15
BANKNIFTYWK36000CE,05-10-2021 10:31,1525.85
BANKNIFTYWK36000CE,05-10-2021 10:33,1511.1
BANKNIFTYWK36000CE,05-10-2021 10:34,1511.85
BANKNIFTYWK36000CE,05-10-2021 10:35,1480.8
BANKNIFTYWK36000CE,05-10-2021 10:36,1495.1
BANKNIFTYWK36000CE,05-10-2021 10:37,1499.4
BANKNIFTYWK36000CE,05-10-2021 10:38,1507
BANKNIFTYWK36000CE,05-10-2021 10:39,1507
BANKNIFTYWK36000CE,05-10-2021 10:41,1490
BANKNIFTYWK36000CE,05-10-2021 10:44,1498.5
BANKNIFTYWK36000CE,05-10-2021 10:45,1492.85
BANKNIFTYWK36000CE,05-10-2021 10:46,1496.15
BANKNIFTYWK36000CE,05-10-2021 10:48,1493
BANKNIFTYWK36000CE,05-10-2021 10:51,1490.25
BANKNIFTYWK36000CE,05-10-2021 10:52,1483.75
BANKNIFTYWK36000CE,05-10-2021 10:54,1470
BANKNIFTYWK36000CE,05-10-2021 10:55,1473.6
BANKNIFTYWK36000CE,05-10-2021 10:56,1462.75
BANKNIFTYWK36000CE,05-10-2021 10:57,1473.9
BANKNIFTYWK36000CE,05-10-2021 10:58,1475
BANKNIFTYWK36000CE,05-10-2021 10:59,1482
BANKNIFTYWK36000CE,05-10-2021 11:00,1460.9
BANKNIFTYWK36000CE,05-10-2021 11:02,1446.5
BANKNIFTYWK36000CE,05-10-2021 11:04,1432
BANKNIFTYWK36000CE,05-10-2021 11:05,1428
BANKNIFTYWK36000CE,05-10-2021 11:07,1450
BANKNIFTYWK36000CE,05-10-2021 11:08,1456.3
BANKNIFTYWK36000CE,05-10-2021 11:10,1450
BANKNIFTYWK36000CE,05-10-2021 11:11,1467.05
BANKNIFTYWK36000CE,05-10-2021 11:12,1465
BANKNIFTYWK36000CE,05-10-2021 11:14,1465
BANKNIFTYWK36000CE,05-10-2021 11:15,1480
BANKNIFTYWK36000CE,05-10-2021 11:16,1480.1
BANKNIFTYWK36000CE,05-10-2021 11:21,1465.1
BANKNIFTYWK36000CE,05-10-2021 11:22,1477
BANKNIFTYWK36000CE,05-10-2021 11:24,1479.6
BANKNIFTYWK36000CE,05-10-2021 11:29,1479.6
BANKNIFTYWK36000CE,05-10-2021 11:30,1490.75
BANKNIFTYWK36000CE,05-10-2021 11:31,1480
BANKNIFTYWK36000CE,05-10-2021 11:32,1485.3
BANKNIFTYWK36000CE,05-10-2021 11:33,1485.3
BANKNIFTYWK36000CE,05-10-2021 11:34,1493.5
BANKNIFTYWK36000CE,05-10-2021 11:35,1493.5
BANKNIFTYWK36000CE,05-10-2021 11:39,1468.15
BANKNIFTYWK36000CE,05-10-2021 11:40,1458.55
BANKNIFTYWK36000CE,05-10-2021 11:41,1463.1
BANKNIFTYWK36000CE,05-10-2021 11:42,1459.25
BANKNIFTYWK36000CE,05-10-2021 11:43,1466.45
BANKNIFTYWK36000CE,05-10-2021 11:45,1466.45
BANKNIFTYWK36000CE,05-10-2021 11:47,1449.15
BANKNIFTYWK36000CE,05-10-2021 11:48,1449.15
BANKNIFTYWK36000CE,05-10-2021 11:50,1465
BANKNIFTYWK36000CE,05-10-2021 11:51,1474.85
BANKNIFTYWK36000CE,05-10-2021 11:52,1459.45
BANKNIFTYWK36000CE,05-10-2021 11:53,1459.45
BANKNIFTYWK36000CE,05-10-2021 11:54,1451.6
BANKNIFTYWK36000CE,05-10-2021 11:55,1442.6
BANKNIFTYWK36000CE,05-10-2021 11:56,1475
BANKNIFTYWK36000CE,05-10-2021 12:00,1475
BANKNIFTYWK36000CE,05-10-2021 12:01,1465.2
BANKNIFTYWK36000CE,05-10-2021 12:04,1469.65
BANKNIFTYWK36000CE,05-10-2021 12:07,1485
BANKNIFTYWK36000CE,05-10-2021 12:10,1486.65
BANKNIFTYWK36000CE,05-10-2021 12:11,1478
BANKNIFTYWK36000CE,05-10-2021 12:12,1478
BANKNIFTYWK36000CE,05-10-2021 12:13,1487.15
BANKNIFTYWK36000CE,05-10-2021 12:15,1487.15
BANKNIFTYWK36000CE,05-10-2021 12:17,1500
BANKNIFTYWK36000CE,05-10-2021 12:18,1493
BANKNIFTYWK36000CE,05-10-2021 12:19,1474.85
BANKNIFTYWK36000CE,05-10-2021 12:21,1475.2
BANKNIFTYWK36000CE,05-10-2021 12:22,1488
BANKNIFTYWK36000CE,05-10-2021 12:25,1485
BANKNIFTYWK36000CE,05-10-2021 12:26,1485
BANKNIFTYWK36000CE,05-10-2021 12:27,1481.1
BANKNIFTYWK36000CE,05-10-2021 12:31,1493.9
BANKNIFTYWK36000CE,05-10-2021 12:34,1493.9
BANKNIFTYWK36000CE,05-10-2021 12:36,1496.45
BANKNIFTYWK36000CE,05-10-2021 12:39,1496.45
BANKNIFTYWK36000CE,05-10-2021 12:40,1530
BANKNIFTYWK36000CE,05-10-2021 12:41,1530
BANKNIFTYWK36000CE,05-10-2021 12:42,1549.75
BANKNIFTYWK36000CE,05-10-2021 12:43,1548.15
BANKNIFTYWK36000CE,05-10-2021 12:44,1546.6
BANKNIFTYWK36000CE,05-10-2021 12:45,1561.1
BANKNIFTYWK36000CE,05-10-2021 12:46,1553.85
BANKNIFTYWK36000CE,05-10-2021 12:47,1543.35
BANKNIFTYWK36000CE,05-10-2021 12:50,1575.75
BANKNIFTYWK36000CE,05-10-2021 12:51,1575.75
BANKNIFTYWK36000CE,05-10-2021 12:52,1590
BANKNIFTYWK36000CE,05-10-2021 12:53,1593.85
BANKNIFTYWK36000CE,05-10-2021 12:55,1596.6
BANKNIFTYWK36000CE,05-10-2021 12:57,1648
BANKNIFTYWK36000CE,05-10-2021 12:58,1654.45
BANKNIFTYWK36000CE,05-10-2021 12:59,1676
BANKNIFTYWK36000CE,05-10-2021 13:00,1720
BANKNIFTYWK36000CE,05-10-2021 13:01,1651
BANKNIFTYWK36000CE,05-10-2021 13:05,1675.9
BANKNIFTYWK36000CE,05-10-2021 13:07,1686.3
BANKNIFTYWK36000CE,05-10-2021 13:08,1686.3
BANKNIFTYWK36000CE,05-10-2021 13:09,1689.5
BANKNIFTYWK36000CE,05-10-2021 13:10,1692.9
BANKNIFTYWK36000CE,05-10-2021 13:13,1680.05
BANKNIFTYWK36000CE,05-10-2021 13:14,1702.2
BANKNIFTYWK36000CE,05-10-2021 13:15,1702.2
BANKNIFTYWK36000CE,05-10-2021 13:16,1692.25
BANKNIFTYWK36000CE,05-10-2021 13:20,1710.35
BANKNIFTYWK36000CE,05-10-2021 13:22,1687.1
BANKNIFTYWK36000CE,05-10-2021 13:23,1687.1
BANKNIFTYWK36000CE,05-10-2021 13:24,1682.3
BANKNIFTYWK36000CE,05-10-2021 13:25,1690.35
BANKNIFTYWK36000CE,05-10-2021 13:26,1670
BANKNIFTYWK36000CE,05-10-2021 13:28,1670
BANKNIFTYWK36000CE,05-10-2021 13:29,1685
BANKNIFTYWK36000CE,05-10-2021 13:30,1685
BANKNIFTYWK36000CE,05-10-2021 13:32,1725
BANKNIFTYWK36000CE,05-10-2021 13:34,1700.05
BANKNIFTYWK36000CE,05-10-2021 13:41,1700.05
BANKNIFTYWK36000CE,05-10-2021 13:44,1715
BANKNIFTYWK36000CE,05-10-2021 13:48,1714.85
BANKNIFTYWK36000CE,05-10-2021 13:51,1690
BANKNIFTYWK36000CE,05-10-2021 13:55,1698.55
BANKNIFTYWK36000CE,05-10-2021 13:59,1685
BANKNIFTYWK36000CE,05-10-2021 14:00,1682.1
BANKNIFTYWK36000CE,05-10-2021 14:04,1714.65
BANKNIFTYWK36000CE,05-10-2021 14:10,1715.65
BANKNIFTYWK36000CE,05-10-2021 14:14,1720.8
BANKNIFTYWK36000CE,05-10-2021 14:15,1720
BANKNIFTYWK36000CE,05-10-2021 14:17,1717
BANKNIFTYWK36000CE,05-10-2021 14:18,1690
BANKNIFTYWK36000CE,05-10-2021 14:19,1690
BANKNIFTYWK36000CE,05-10-2021 14:20,1692.5
BANKNIFTYWK36000CE,05-10-2021 14:21,1702
BANKNIFTYWK36000CE,05-10-2021 14:24,1702
BANKNIFTYWK36000CE,05-10-2021 14:29,1703.45
BANKNIFTYWK36000CE,05-10-2021 14:34,1704
BANKNIFTYWK36000CE,05-10-2021 14:36,1704
BANKNIFTYWK36000CE,05-10-2021 14:39,1769.05
BANKNIFTYWK36000CE,05-10-2021 14:40,1769.05
BANKNIFTYWK36000CE,05-10-2021 14:41,1798
BANKNIFTYWK36000CE,05-10-2021 14:42,1798.95
BANKNIFTYWK36000CE,05-10-2021 14:43,1803.5
BANKNIFTYWK36000CE,05-10-2021 14:44,1803
BANKNIFTYWK36000CE,05-10-2021 14:45,1801.25
BANKNIFTYWK36000CE,05-10-2021 14:46,1781
BANKNIFTYWK36000CE,05-10-2021 14:49,1782.3
BANKNIFTYWK36000CE,05-10-2021 14:50,1785
BANKNIFTYWK36000CE,05-10-2021 14:53,1785
BANKNIFTYWK36000CE,05-10-2021 14:54,1779.9
BANKNIFTYWK36000CE,05-10-2021 14:55,1771
BANKNIFTYWK36000CE,05-10-2021 14:56,1771
BANKNIFTYWK36000CE,05-10-2021 14:58,1770
BANKNIFTYWK36000CE,05-10-2021 14:59,1770.05
BANKNIFTYWK36000CE,05-10-2021 15:00,1770
BANKNIFTYWK36000CE,05-10-2021 15:01,1751.2
BANKNIFTYWK36000CE,05-10-2021 15:03,1755
BANKNIFTYWK36000CE,05-10-2021 15:06,1751
BANKNIFTYWK36000CE,05-10-2021 15:07,1773.2
BANKNIFTYWK36000CE,05-10-2021 15:10,1780
BANKNIFTYWK36000CE,05-10-2021 15:11,1780
BANKNIFTYWK36000CE,05-10-2021 15:12,1777.3
BANKNIFTYWK36000CE,05-10-2021 15:13,1764.85
BANKNIFTYWK36000CE,05-10-2021 15:14,1771.2
BANKNIFTYWK36000CE,05-10-2021 15:15,1771.2
BANKNIFTYWK36000CE,05-10-2021 15:17,1761.8
BANKNIFTYWK36000CE,05-10-2021 15:19,1761.8
BANKNIFTYWK36000CE,05-10-2021 15:20,1760
BANKNIFTYWK36000CE,05-10-2021 15:22,1755
BANKNIFTYWK36000CE,05-10-2021 15:24,1756
BANKNIFTYWK36000CE,05-10-2021 15:26,1756
BANKNIFTYWK36000CE,05-10-2021 15:27,1761
BANKNIFTYWK36000CE,05-10-2021 15:28,1759.7
BANKNIFTYWK36000CE,05-10-2021 15:29,1759
BANKNIFTYWK36000CE,06-10-2021 09:15,1772.3
BANKNIFTYWK36000CE,06-10-2021 09:16,1797.9
BANKNIFTYWK36000CE,06-10-2021 09:17,1842.9
BANKNIFTYWK36000CE,06-10-2021 09:18,1849.65
BANKNIFTYWK36000CE,06-10-2021 09:20,1848.2
BANKNIFTYWK36000CE,06-10-2021 09:21,1870
BANKNIFTYWK36000CE,06-10-2021 09:22,1875
BANKNIFTYWK36000CE,06-10-2021 09:27,1871
BANKNIFTYWK36000CE,06-10-2021 09:28,1885.05
BANKNIFTYWK36000CE,06-10-2021 09:29,1880
BANKNIFTYWK36000CE,06-10-2021 09:35,1902.45
BANKNIFTYWK36000CE,06-10-2021 09:37,1920
BANKNIFTYWK36000CE,06-10-2021 09:38,1923.35
BANKNIFTYWK36000CE,06-10-2021 09:39,1902.85
BANKNIFTYWK36000CE,06-10-2021 09:40,1910.55
BANKNIFTYWK36000CE,06-10-2021 09:42,1912.2
BANKNIFTYWK36000CE,06-10-2021 09:43,1914.45
BANKNIFTYWK36000CE,06-10-2021 09:45,1885.9
BANKNIFTYWK36000CE,06-10-2021 09:48,1879.05
BANKNIFTYWK36000CE,06-10-2021 09:51,1885
BANKNIFTYWK36000CE,06-10-2021 09:52,1903.1
BANKNIFTYWK36000CE,06-10-2021 09:55,1923.1
BANKNIFTYWK36000CE,06-10-2021 09:56,1948
BANKNIFTYWK36000CE,06-10-2021 09:57,1943.75
BANKNIFTYWK36000CE,06-10-2021 09:58,1988
BANKNIFTYWK36000CE,06-10-2021 09:59,1999.75
BANKNIFTYWK36000CE,06-10-2021 10:00,2007.6
BANKNIFTYWK36000CE,06-10-2021 10:01,1997.85
BANKNIFTYWK36000CE,06-10-2021 10:02,1996.75
BANKNIFTYWK36000CE,06-10-2021 10:03,2008
BANKNIFTYWK36000CE,06-10-2021 10:04,2049.75
BANKNIFTYWK36000CE,06-10-2021 10:05,2034.8
BANKNIFTYWK36000CE,06-10-2021 10:07,2034.65
BANKNIFTYWK36000CE,06-10-2021 10:10,2009.45
BANKNIFTYWK36000CE,06-10-2021 10:12,2026.65
BANKNIFTYWK36000CE,06-10-2021 10:13,2020.05
BANKNIFTYWK36000CE,06-10-2021 10:15,1989.15
BANKNIFTYWK36000CE,06-10-2021 10:16,1970.1
BANKNIFTYWK36000CE,06-10-2021 10:18,1920.25
BANKNIFTYWK36000CE,06-10-2021 10:19,1885.9
BANKNIFTYWK36000CE,06-10-2021 10:20,1849.1
BANKNIFTYWK36000CE,06-10-2021 10:23,1899.45
BANKNIFTYWK36000CE,06-10-2021 10:29,1936.6
BANKNIFTYWK36000CE,06-10-2021 10:30,1923.35
BANKNIFTYWK36000CE,06-10-2021 10:36,1923.35
BANKNIFTYWK36000CE,06-10-2021 10:39,1964.55
BANKNIFTYWK36000CE,06-10-2021 10:41,1964.55
BANKNIFTYWK36000CE,06-10-2021 10:42,1951
BANKNIFTYWK36000CE,06-10-2021 10:45,1987.3
BANKNIFTYWK36000CE,06-10-2021 10:46,1995
BANKNIFTYWK36000CE,06-10-2021 10:47,1977
BANKNIFTYWK36000CE,06-10-2021 10:53,1930
BANKNIFTYWK36000CE,06-10-2021 10:55,1940
BANKNIFTYWK36000CE,06-10-2021 10:57,1961.35
BANKNIFTYWK36000CE,06-10-2021 10:58,1953.15
BANKNIFTYWK36000CE,06-10-2021 11:05,1929
BANKNIFTYWK36000CE,06-10-2021 11:06,1930
BANKNIFTYWK36000CE,06-10-2021 11:09,1921.45
BANKNIFTYWK36000CE,06-10-2021 11:10,1915.6
BANKNIFTYWK36000CE,06-10-2021 11:18,1946.2
BANKNIFTYWK36000CE,06-10-2021 11:29,1959.55
BANKNIFTYWK36000CE,06-10-2021 11:30,1960
BANKNIFTYWK36000CE,06-10-2021 11:31,1949.1
BANKNIFTYWK36000CE,06-10-2021 11:33,1934.9
BANKNIFTYWK36000CE,06-10-2021 11:34,1935.95
BANKNIFTYWK36000CE,06-10-2021 11:37,1950
BANKNIFTYWK36000CE,06-10-2021 11:41,1965
BANKNIFTYWK36000CE,06-10-2021 11:47,1985
BANKNIFTYWK36000CE,06-10-2021 11:48,1987.65
BANKNIFTYWK36000CE,06-10-2021 11:50,1990
BANKNIFTYWK36000CE,06-10-2021 11:53,2035
BANKNIFTYWK36000CE,06-10-2021 11:54,2040
BANKNIFTYWK36000CE,06-10-2021 11:55,2044.85
BANKNIFTYWK36000CE,06-10-2021 11:56,2057.55
BANKNIFTYWK36000CE,06-10-2021 12:01,2010.6
BANKNIFTYWK36000CE,06-10-2021 12:02,2005.65
BANKNIFTYWK36000CE,06-10-2021 12:03,2028.1
BANKNIFTYWK36000CE,06-10-2021 12:05,2012.25
BANKNIFTYWK36000CE,06-10-2021 12:08,2078.5
BANKNIFTYWK36000CE,06-10-2021 12:10,2077.6
BANKNIFTYWK36000CE,06-10-2021 12:11,2070
BANKNIFTYWK36000CE,06-10-2021 12:14,2067.65
BANKNIFTYWK36000CE,06-10-2021 12:15,2061.2
BANKNIFTYWK36000CE,06-10-2021 12:19,2059.65
BANKNIFTYWK36000CE,06-10-2021 12:20,2066.1
BANKNIFTYWK36000CE,06-10-2021 12:21,2088
BANKNIFTYWK36000CE,06-10-2021 12:22,2092
BANKNIFTYWK36000CE,06-10-2021 12:23,2080.7
BANKNIFTYWK36000CE,06-10-2021 12:24,2090
BANKNIFTYWK36000CE,06-10-2021 12:25,2096
BANKNIFTYWK36000CE,06-10-2021 12:26,2085.6
BANKNIFTYWK36000CE,06-10-2021 12:27,2069.9
BANKNIFTYWK36000CE,06-10-2021 12:35,2030
BANKNIFTYWK36000CE,06-10-2021 12:36,2020
BANKNIFTYWK36000CE,06-10-2021 12:37,2020
BANKNIFTYWK36000CE,06-10-2021 12:40,2015
BANKNIFTYWK36000CE,06-10-2021 12:41,2011.9
BANKNIFTYWK36000CE,06-10-2021 12:42,2024.7
BANKNIFTYWK36000CE,06-10-2021 12:43,2038
BANKNIFTYWK36000CE,06-10-2021 12:45,2030
BANKNIFTYWK36000CE,06-10-2021 12:46,2018.8
BANKNIFTYWK36000CE,06-10-2021 12:48,2011.05
BANKNIFTYWK36000CE,06-10-2021 12:51,1971.3
BANKNIFTYWK36000CE,06-10-2021 12:52,1970.35
BANKNIFTYWK36000CE,06-10-2021 12:57,1988
BANKNIFTYWK36000CE,06-10-2021 13:01,1977
BANKNIFTYWK36000CE,06-10-2021 13:02,1967.95
BANKNIFTYWK36000CE,06-10-2021 13:03,1946.15
BANKNIFTYWK36000CE,06-10-2021 13:05,1944.45
BANKNIFTYWK36000CE,06-10-2021 13:06,1947.6
BANKNIFTYWK36000CE,06-10-2021 13:08,1903.95
BANKNIFTYWK36000CE,06-10-2021 13:09,1900
BANKNIFTYWK36000CE,06-10-2021 13:11,1871.15
BANKNIFTYWK36000CE,06-10-2021 13:12,1871.5
BANKNIFTYWK36000CE,06-10-2021 13:14,1902.3
BANKNIFTYWK36000CE,06-10-2021 13:15,1866.75
BANKNIFTYWK36000CE,06-10-2021 13:17,1843.8
BANKNIFTYWK36000CE,06-10-2021 13:18,1788
BANKNIFTYWK36000CE,06-10-2021 13:19,1778.55
BANKNIFTYWK36000CE,06-10-2021 13:22,1779.6
BANKNIFTYWK36000CE,06-10-2021 13:23,1828
BANKNIFTYWK36000CE,06-10-2021 13:24,1835.2
BANKNIFTYWK36000CE,06-10-2021 13:25,1823.1
BANKNIFTYWK36000CE,06-10-2021 13:29,1870
BANKNIFTYWK36000CE,06-10-2021 13:30,1861.8
BANKNIFTYWK36000CE,06-10-2021 13:35,1789.7
BANKNIFTYWK36000CE,06-10-2021 13:36,1790
BANKNIFTYWK36000CE,06-10-2021 13:38,1758.95
BANKNIFTYWK36000CE,06-10-2021 13:40,1758.95
BANKNIFTYWK36000CE,06-10-2021 13:41,1780
BANKNIFTYWK36000CE,06-10-2021 13:42,1808
BANKNIFTYWK36000CE,06-10-2021 13:44,1815
BANKNIFTYWK36000CE,06-10-2021 13:46,1784.6
BANKNIFTYWK36000CE,06-10-2021 13:47,1788.75
BANKNIFTYWK36000CE,06-10-2021 13:48,1788.15
BANKNIFTYWK36000CE,06-10-2021 13:49,1795
BANKNIFTYWK36000CE,06-10-2021 13:50,1795
BANKNIFTYWK36000CE,06-10-2021 13:52,1787.3
BANKNIFTYWK36000CE,06-10-2021 13:55,1790
BANKNIFTYWK36000CE,06-10-2021 13:56,1819.4
BANKNIFTYWK36000CE,06-10-2021 13:59,1838
BANKNIFTYWK36000CE,06-10-2021 14:00,1838
BANKNIFTYWK36000CE,06-10-2021 14:01,1836.25
BANKNIFTYWK36000CE,06-10-2021 14:03,1849.9
BANKNIFTYWK36000CE,06-10-2021 14:05,1850.25
BANKNIFTYWK36000CE,06-10-2021 14:07,1838.9
BANKNIFTYWK36000CE,06-10-2021 14:08,1845
BANKNIFTYWK36000CE,06-10-2021 14:12,1791.75
BANKNIFTYWK36000CE,06-10-2021 14:15,1750.25
BANKNIFTYWK36000CE,06-10-2021 14:16,1700
BANKNIFTYWK36000CE,06-10-2021 14:18,1700
BANKNIFTYWK36000CE,06-10-2021 14:19,1654
BANKNIFTYWK36000CE,06-10-2021 14:20,1683.05
BANKNIFTYWK36000CE,06-10-2021 14:21,1688
BANKNIFTYWK36000CE,06-10-2021 14:23,1668
BANKNIFTYWK36000CE,06-10-2021 14:24,1668
BANKNIFTYWK36000CE,06-10-2021 14:25,1681.25
BANKNIFTYWK36000CE,06-10-2021 14:26,1696.25
BANKNIFTYWK36000CE,06-10-2021 14:27,1696.25
BANKNIFTYWK36000CE,06-10-2021 14:28,1645.75
BANKNIFTYWK36000CE,06-10-2021 14:33,1570
BANKNIFTYWK36000CE,06-10-2021 14:36,1590
BANKNIFTYWK36000CE,06-10-2021 14:37,1590
BANKNIFTYWK36000CE,06-10-2021 14:38,1618.55
BANKNIFTYWK36000CE,06-10-2021 14:39,1610.2
BANKNIFTYWK36000CE,06-10-2021 14:40,1609.65
BANKNIFTYWK36000CE,06-10-2021 14:42,1584.15
BANKNIFTYWK36000CE,06-10-2021 14:46,1544.2
BANKNIFTYWK36000CE,06-10-2021 14:47,1522
BANKNIFTYWK36000CE,06-10-2021 14:48,1504.5
BANKNIFTYWK36000CE,06-10-2021 14:50,1528
BANKNIFTYWK36000CE,06-10-2021 14:51,1528
BANKNIFTYWK36000CE,06-10-2021 14:52,1534.35
BANKNIFTYWK36000CE,06-10-2021 14:53,1539.85
BANKNIFTYWK36000CE,06-10-2021 14:54,1535.8
BANKNIFTYWK36000CE,06-10-2021 14:55,1505.55
BANKNIFTYWK36000CE,06-10-2021 14:56,1548
BANKNIFTYWK36000CE,06-10-2021 14:57,1513
BANKNIFTYWK36000CE,06-10-2021 14:58,1504
BANKNIFTYWK36000CE,06-10-2021 14:59,1504
BANKNIFTYWK36000CE,06-10-2021 15:01,1568
BANKNIFTYWK36000CE,06-10-2021 15:02,1568
BANKNIFTYWK36000CE,06-10-2021 15:03,1588
BANKNIFTYWK36000CE,06-10-2021 15:04,1600.1
BANKNIFTYWK36000CE,06-10-2021 15:05,1593.45
BANKNIFTYWK36000CE,06-10-2021 15:07,1593.45
BANKNIFTYWK36000CE,06-10-2021 15:08,1583.9
BANKNIFTYWK36000CE,06-10-2021 15:11,1517.8
BANKNIFTYWK36000CE,06-10-2021 15:13,1517.8
BANKNIFTYWK36000CE,06-10-2021 15:15,1523
BANKNIFTYWK36000CE,06-10-2021 15:18,1526.1
BANKNIFTYWK36000CE,06-10-2021 15:19,1557.4
BANKNIFTYWK36000CE,06-10-2021 15:20,1562.7
BANKNIFTYWK36000CE,06-10-2021 15:21,1544.9
BANKNIFTYWK36000CE,06-10-2021 15:22,1540
BANKNIFTYWK36000CE,06-10-2021 15:23,1545.5
BANKNIFTYWK36000CE,06-10-2021 15:24,1540
BANKNIFTYWK36000CE,06-10-2021 15:25,1534.7
BANKNIFTYWK36000CE,06-10-2021 15:26,1511.8
BANKNIFTYWK36000CE,06-10-2021 15:29,1490
BANKNIFTYWK36000CE,07-10-2021 09:15,1811.7
BANKNIFTYWK36000CE,07-10-2021 09:16,1810.85
BANKNIFTYWK36000CE,07-10-2021 09:18,1840
BANKNIFTYWK36000CE,07-10-2021 09:19,1852
BANKNIFTYWK36000CE,07-10-2021 09:21,1842
BANKNIFTYWK36000CE,07-10-2021 09:23,1781.75
BANKNIFTYWK36000CE,07-10-2021 09:24,1770.3
BANKNIFTYWK36000CE,07-10-2021 09:25,1770.3
BANKNIFTYWK36000CE,07-10-2021 09:26,1798
BANKNIFTYWK36000CE,07-10-2021 09:27,1798
BANKNIFTYWK36000CE,07-10-2021 09:30,1834.35
BANKNIFTYWK36000CE,07-10-2021 09:31,1834.35
BANKNIFTYWK36000CE,07-10-2021 09:32,1825
BANKNIFTYWK36000CE,07-10-2021 09:33,1835.6
BANKNIFTYWK36000CE,07-10-2021 09:34,1860
BANKNIFTYWK36000CE,07-10-2021 09:35,1868
BANKNIFTYWK36000CE,07-10-2021 09:36,1837.55
BANKNIFTYWK36000CE,07-10-2021 09:37,1837.55
BANKNIFTYWK36000CE,07-10-2021 09:38,1840
BANKNIFTYWK36000CE,07-10-2021 09:43,1835
BANKNIFTYWK36000CE,07-10-2021 09:46,1835
BANKNIFTYWK36000CE,07-10-2021 09:47,1780
BANKNIFTYWK36000CE,07-10-2021 09:48,1818
BANKNIFTYWK36000CE,07-10-2021 09:49,1818
BANKNIFTYWK36000CE,07-10-2021 09:50,1875
BANKNIFTYWK36000CE,07-10-2021 09:51,1841.65
BANKNIFTYWK36000CE,07-10-2021 09:52,1847.65
BANKNIFTYWK36000CE,07-10-2021 09:53,1848
BANKNIFTYWK36000CE,07-10-2021 09:55,1841.4
BANKNIFTYWK36000CE,07-10-2021 09:57,1820.9
BANKNIFTYWK36000CE,07-10-2021 09:59,1823.3
BANKNIFTYWK36000CE,07-10-2021 10:00,1820
BANKNIFTYWK36000CE,07-10-2021 10:01,1828
BANKNIFTYWK36000CE,07-10-2021 10:06,1816.5
BANKNIFTYWK36000CE,07-10-2021 10:08,1838
BANKNIFTYWK36000CE,07-10-2021 10:09,1838
BANKNIFTYWK36000CE,07-10-2021 10:12,1811.85
BANKNIFTYWK36000CE,07-10-2021 10:13,1809.3
BANKNIFTYWK36000CE,07-10-2021 10:14,1809.3
BANKNIFTYWK36000CE,07-10-2021 10:15,1800
BANKNIFTYWK36000CE,07-10-2021 10:16,1800
BANKNIFTYWK36000CE,07-10-2021 10:18,1787.85
BANKNIFTYWK36000CE,07-10-2021 10:19,1808
BANKNIFTYWK36000CE,07-10-2021 10:20,1808
BANKNIFTYWK36000CE,07-10-2021 10:22,1775
BANKNIFTYWK36000CE,07-10-2021 10:23,1775
BANKNIFTYWK36000CE,07-10-2021 10:24,1750
BANKNIFTYWK36000CE,07-10-2021 10:25,1755.05
BANKNIFTYWK36000CE,07-10-2021 10:26,1760
BANKNIFTYWK36000CE,07-10-2021 10:27,1771
BANKNIFTYWK36000CE,07-10-2021 10:28,1771
BANKNIFTYWK36000CE,07-10-2021 10:29,1772
BANKNIFTYWK36000CE,07-10-2021 10:30,1781
BANKNIFTYWK36000CE,07-10-2021 10:31,1801
BANKNIFTYWK36000CE,07-10-2021 10:32,1811
BANKNIFTYWK36000CE,07-10-2021 10:40,1821
BANKNIFTYWK36000CE,07-10-2021 10:43,1816
BANKNIFTYWK36000CE,07-10-2021 10:45,1810.95
BANKNIFTYWK36000CE,07-10-2021 10:48,1810.95
BANKNIFTYWK36000CE,07-10-2021 10:54,1803.15
BANKNIFTYWK36000CE,07-10-2021 10:55,1802
BANKNIFTYWK36000CE,07-10-2021 11:05,1795
BANKNIFTYWK36000CE,07-10-2021 11:08,1806
BANKNIFTYWK36000CE,07-10-2021 11:11,1800
BANKNIFTYWK36000CE,07-10-2021 11:12,1800
BANKNIFTYWK36000CE,07-10-2021 11:15,1798
BANKNIFTYWK36000CE,07-10-2021 11:16,1798
BANKNIFTYWK36000CE,07-10-2021 11:18,1780.15
BANKNIFTYWK36000CE,07-10-2021 11:25,1700
BANKNIFTYWK36000CE,07-10-2021 11:29,1742.35
BANKNIFTYWK36000CE,07-10-2021 11:32,1745
BANKNIFTYWK36000CE,07-10-2021 11:33,1745
BANKNIFTYWK36000CE,07-10-2021 11:34,1735
BANKNIFTYWK36000CE,07-10-2021 11:40,1721.75
BANKNIFTYWK36000CE,07-10-2021 11:41,1721.2
BANKNIFTYWK36000CE,07-10-2021 11:43,1765
BANKNIFTYWK36000CE,07-10-2021 11:45,1786.95
BANKNIFTYWK36000CE,07-10-2021 11:46,1794.5
BANKNIFTYWK36000CE,07-10-2021 11:48,1807.45
BANKNIFTYWK36000CE,07-10-2021 11:49,1812
BANKNIFTYWK36000CE,07-10-2021 11:53,1812
BANKNIFTYWK36000CE,07-10-2021 11:54,1848
BANKNIFTYWK36000CE,07-10-2021 11:55,1852
BANKNIFTYWK36000CE,07-10-2021 11:57,1862.1
BANKNIFTYWK36000CE,07-10-2021 11:58,1862.1
BANKNIFTYWK36000CE,07-10-2021 12:00,1863
BANKNIFTYWK36000CE,07-10-2021 12:01,1863
BANKNIFTYWK36000CE,07-10-2021 12:02,1862
BANKNIFTYWK36000CE,07-10-2021 12:06,1888
BANKNIFTYWK36000CE,07-10-2021 12:07,1882
BANKNIFTYWK36000CE,07-10-2021 12:17,1870
BANKNIFTYWK36000CE,07-10-2021 12:22,1898
BANKNIFTYWK36000CE,07-10-2021 12:31,1908
BANKNIFTYWK36000CE,07-10-2021 12:32,1918
BANKNIFTYWK36000CE,07-10-2021 12:34,1928
BANKNIFTYWK36000CE,07-10-2021 12:39,1906.8
BANKNIFTYWK36000CE,07-10-2021 12:40,1918.15
BANKNIFTYWK36000CE,07-10-2021 12:43,1893.2
BANKNIFTYWK36000CE,07-10-2021 13:00,1841.15
BANKNIFTYWK36000CE,07-10-2021 13:06,1824
BANKNIFTYWK36000CE,07-10-2021 13:07,1833.75
BANKNIFTYWK36000CE,07-10-2021 13:10,1849
BANKNIFTYWK36000CE,07-10-2021 13:11,1849
BANKNIFTYWK36000CE,07-10-2021 13:12,1866
BANKNIFTYWK36000CE,07-10-2021 13:14,1854
BANKNIFTYWK36000CE,07-10-2021 13:15,1860
BANKNIFTYWK36000CE,07-10-2021 13:16,1878
BANKNIFTYWK36000CE,07-10-2021 13:17,1873.7
BANKNIFTYWK36000CE,07-10-2021 13:19,1888
BANKNIFTYWK36000CE,07-10-2021 13:20,1877.95
BANKNIFTYWK36000CE,07-10-2021 13:21,1877.95
BANKNIFTYWK36000CE,07-10-2021 13:23,1864.2
BANKNIFTYWK36000CE,07-10-2021 13:26,1854.4
BANKNIFTYWK36000CE,07-10-2021 13:27,1863.4
BANKNIFTYWK36000CE,07-10-2021 13:28,1858.35
BANKNIFTYWK36000CE,07-10-2021 13:29,1850.35
BANKNIFTYWK36000CE,07-10-2021 13:30,1844.75
BANKNIFTYWK36000CE,07-10-2021 13:32,1860
BANKNIFTYWK36000CE,07-10-2021 13:33,1812.45
BANKNIFTYWK36000CE,07-10-2021 13:34,1789.55
BANKNIFTYWK36000CE,07-10-2021 13:35,1808
BANKNIFTYWK36000CE,07-10-2021 13:36,1784.65
BANKNIFTYWK36000CE,07-10-2021 13:37,1777.05
BANKNIFTYWK36000CE,07-10-2021 13:38,1761.15
BANKNIFTYWK36000CE,07-10-2021 13:39,1766.65
BANKNIFTYWK36000CE,07-10-2021 13:40,1789
BANKNIFTYWK36000CE,07-10-2021 13:42,1808
BANKNIFTYWK36000CE,07-10-2021 13:43,1799.35
BANKNIFTYWK36000CE,07-10-2021 13:44,1783.05
BANKNIFTYWK36000CE,07-10-2021 13:45,1798
BANKNIFTYWK36000CE,07-10-2021 13:46,1788.35
BANKNIFTYWK36000CE,07-10-2021 13:47,1792
BANKNIFTYWK36000CE,07-10-2021 13:48,1785.95
BANKNIFTYWK36000CE,07-10-2021 13:51,1765.05
BANKNIFTYWK36000CE,07-10-2021 13:52,1765.05
BANKNIFTYWK36000CE,07-10-2021 13:54,1773.55
BANKNIFTYWK36000CE,07-10-2021 13:55,1794
BANKNIFTYWK36000CE,07-10-2021 13:56,1808
BANKNIFTYWK36000CE,07-10-2021 13:57,1838
BANKNIFTYWK36000CE,07-10-2021 13:58,1830.05
BANKNIFTYWK36000CE,07-10-2021 14:01,1858
BANKNIFTYWK36000CE,07-10-2021 14:03,1859.8
BANKNIFTYWK36000CE,07-10-2021 14:04,1859.8
BANKNIFTYWK36000CE,07-10-2021 14:05,1859
BANKNIFTYWK36000CE,07-10-2021 14:06,1859
BANKNIFTYWK36000CE,07-10-2021 14:07,1868
BANKNIFTYWK36000CE,07-10-2021 14:10,1867.45
BANKNIFTYWK36000CE,07-10-2021 14:13,1865.75
BANKNIFTYWK36000CE,07-10-2021 14:16,1865.75
BANKNIFTYWK36000CE,07-10-2021 14:19,1880
BANKNIFTYWK36000CE,07-10-2021 14:22,1889.3
BANKNIFTYWK36000CE,07-10-2021 14:23,1908
BANKNIFTYWK36000CE,07-10-2021 14:24,1883.25
BANKNIFTYWK36000CE,07-10-2021 14:25,1896
BANKNIFTYWK36000CE,07-10-2021 14:26,1910
BANKNIFTYWK36000CE,07-10-2021 14:27,1909.4
BANKNIFTYWK36000CE,07-10-2021 14:28,1895.35
BANKNIFTYWK36000CE,07-10-2021 14:29,1889.8
BANKNIFTYWK36000CE,07-10-2021 14:30,1889.8
BANKNIFTYWK36000CE,07-10-2021 14:31,1885
BANKNIFTYWK36000CE,07-10-2021 14:32,1885
BANKNIFTYWK36000CE,07-10-2021 14:33,1858
BANKNIFTYWK36000CE,07-10-2021 14:34,1824.2
BANKNIFTYWK36000CE,07-10-2021 14:35,1810.05
BANKNIFTYWK36000CE,07-10-2021 14:36,1813
BANKNIFTYWK36000CE,07-10-2021 14:37,1809.15
BANKNIFTYWK36000CE,07-10-2021 14:38,1805
BANKNIFTYWK36000CE,07-10-2021 14:39,1805
BANKNIFTYWK36000CE,07-10-2021 14:40,1810
BANKNIFTYWK36000CE,07-10-2021 14:42,1780
BANKNIFTYWK36000CE,07-10-2021 14:43,1770
BANKNIFTYWK36000CE,07-10-2021 14:44,1780
BANKNIFTYWK36000CE,07-10-2021 14:45,1780
BANKNIFTYWK36000CE,07-10-2021 14:46,1770
BANKNIFTYWK36000CE,07-10-2021 14:47,1770
BANKNIFTYWK36000CE,07-10-2021 14:48,1795
BANKNIFTYWK36000CE,07-10-2021 14:49,1797.95
BANKNIFTYWK36000CE,07-10-2021 14:50,1792.05
BANKNIFTYWK36000CE,07-10-2021 14:51,1795.5
BANKNIFTYWK36000CE,07-10-2021 14:53,1789.25
BANKNIFTYWK36000CE,07-10-2021 14:54,1798
BANKNIFTYWK36000CE,07-10-2021 14:56,1807.6
BANKNIFTYWK36000CE,07-10-2021 14:58,1810.6
BANKNIFTYWK36000CE,07-10-2021 14:59,1826.9
BANKNIFTYWK36000CE,07-10-2021 15:00,1819.1
BANKNIFTYWK36000CE,07-10-2021 15:01,1778.45
BANKNIFTYWK36000CE,07-10-2021 15:02,1783.3
BANKNIFTYWK36000CE,07-10-2021 15:03,1765
BANKNIFTYWK36000CE,07-10-2021 15:04,1761.35
BANKNIFTYWK36000CE,07-10-2021 15:05,1766.3
BANKNIFTYWK36000CE,07-10-2021 15:06,1766.2
BANKNIFTYWK36000CE,07-10-2021 15:07,1766.2
BANKNIFTYWK36000CE,07-10-2021 15:08,1766.4
BANKNIFTYWK36000CE,07-10-2021 15:09,1766.4
BANKNIFTYWK36000CE,07-10-2021 15:10,1760.8
BANKNIFTYWK36000CE,07-10-2021 15:11,1757.9
BANKNIFTYWK36000CE,07-10-2021 15:14,1746.5
BANKNIFTYWK36000CE,07-10-2021 15:15,1748.8
BANKNIFTYWK36000CE,07-10-2021 15:16,1755
BANKNIFTYWK36000CE,07-10-2021 15:19,1755
BANKNIFTYWK36000CE,07-10-2021 15:20,1747.05
BANKNIFTYWK36000CE,07-10-2021 15:21,1749.1
BANKNIFTYWK36000CE,07-10-2021 15:23,1745.1
BANKNIFTYWK36000CE,07-10-2021 15:24,1751.4
BANKNIFTYWK36000CE,07-10-2021 15:25,1751.4
BANKNIFTYWK36000CE,07-10-2021 15:26,1751.75
BANKNIFTYWK36000CE,07-10-2021 15:27,1750.7
BANKNIFTYWK36000CE,07-10-2021 15:28,1749.85
BANKNIFTYWK36000CE,07-10-2021 15:29,1735.15
