BANKNIFTYWK36500CE,01-10-2021 09:15,788.4
BANKNIFTYWK36500CE,01-10-2021 09:16,799.85
BANKNIFTYWK36500CE,01-10-2021 09:17,795
BANKNIFTYWK36500CE,01-10-2021 09:18,794.35
BANKNIFTYWK36500CE,01-10-2021 09:19,782
BANKNIFTYWK36500CE,01-10-2021 09:20,787.4
BANKNIFTYWK36500CE,01-10-2021 09:21,756.25
BANKNIFTYWK36500CE,01-10-2021 09:22,832.15
BANKNIFTYWK36500CE,01-10-2021 09:23,797.45
BANKNIFTYWK36500CE,01-10-2021 09:24,807.6
BANKNIFTYWK36500CE,01-10-2021 09:25,804.9
BANKNIFTYWK36500CE,01-10-2021 09:26,828.7
BANKNIFTYWK36500CE,01-10-2021 09:27,853.1
BANKNIFTYWK36500CE,01-10-2021 09:28,840
BANKNIFTYWK36500CE,01-10-2021 09:29,866.45
BANKNIFTYWK36500CE,01-10-2021 09:30,855
BANKNIFTYWK36500CE,01-10-2021 09:31,870
BANKNIFTYWK36500CE,01-10-2021 09:32,880.2
BANKNIFTYWK36500CE,01-10-2021 09:33,866.75
BANKNIFTYWK36500CE,01-10-2021 09:34,868
BANKNIFTYWK36500CE,01-10-2021 09:35,858.25
BANKNIFTYWK36500CE,01-10-2021 09:36,820.3
BANKNIFTYWK36500CE,01-10-2021 09:37,872.1
BANKNIFTYWK36500CE,01-10-2021 09:38,859.85
BANKNIFTYWK36500CE,01-10-2021 09:39,850
BANKNIFTYWK36500CE,01-10-2021 09:40,850
BANKNIFTYWK36500CE,01-10-2021 09:41,854.75
BANKNIFTYWK36500CE,01-10-2021 09:42,890.1
BANKNIFTYWK36500CE,01-10-2021 09:43,874.3
BANKNIFTYWK36500CE,01-10-2021 09:44,842
BANKNIFTYWK36500CE,01-10-2021 09:45,825
BANKNIFTYWK36500CE,01-10-2021 09:46,804.45
BANKNIFTYWK36500CE,01-10-2021 09:47,803.45
BANKNIFTYWK36500CE,01-10-2021 09:48,811.35
BANKNIFTYWK36500CE,01-10-2021 09:49,805
BANKNIFTYWK36500CE,01-10-2021 09:50,781.6
BANKNIFTYWK36500CE,01-10-2021 09:51,758.85
BANKNIFTYWK36500CE,01-10-2021 09:52,769.65
BANKNIFTYWK36500CE,01-10-2021 09:53,772
BANKNIFTYWK36500CE,01-10-2021 09:54,777.8
BANKNIFTYWK36500CE,01-10-2021 09:55,770.55
BANKNIFTYWK36500CE,01-10-2021 09:56,787.8
BANKNIFTYWK36500CE,01-10-2021 09:57,762.5
BANKNIFTYWK36500CE,01-10-2021 09:58,791.95
BANKNIFTYWK36500CE,01-10-2021 09:59,795.25
BANKNIFTYWK36500CE,01-10-2021 10:00,799.4
BANKNIFTYWK36500CE,01-10-2021 10:01,808.75
BANKNIFTYWK36500CE,01-10-2021 10:02,790.25
BANKNIFTYWK36500CE,01-10-2021 10:03,790.7
BANKNIFTYWK36500CE,01-10-2021 10:04,787.85
BANKNIFTYWK36500CE,01-10-2021 10:05,822
BANKNIFTYWK36500CE,01-10-2021 10:06,811.15
BANKNIFTYWK36500CE,01-10-2021 10:07,805.7
BANKNIFTYWK36500CE,01-10-2021 10:08,805.05
BANKNIFTYWK36500CE,01-10-2021 10:09,802.45
BANKNIFTYWK36500CE,01-10-2021 10:10,806.8
BANKNIFTYWK36500CE,01-10-2021 10:11,810
BANKNIFTYWK36500CE,01-10-2021 10:12,790.05
BANKNIFTYWK36500CE,01-10-2021 10:13,787.45
BANKNIFTYWK36500CE,01-10-2021 10:14,808
BANKNIFTYWK36500CE,01-10-2021 10:15,843.5
BANKNIFTYWK36500CE,01-10-2021 10:16,840.4
BANKNIFTYWK36500CE,01-10-2021 10:17,874.55
BANKNIFTYWK36500CE,01-10-2021 10:18,880.3
BANKNIFTYWK36500CE,01-10-2021 10:19,874.8
BANKNIFTYWK36500CE,01-10-2021 10:20,869
BANKNIFTYWK36500CE,01-10-2021 10:21,880
BANKNIFTYWK36500CE,01-10-2021 10:22,908
BANKNIFTYWK36500CE,01-10-2021 10:23,908.35
BANKNIFTYWK36500CE,01-10-2021 10:24,921.85
BANKNIFTYWK36500CE,01-10-2021 10:25,900
BANKNIFTYWK36500CE,01-10-2021 10:26,921.7
BANKNIFTYWK36500CE,01-10-2021 10:27,903.9
BANKNIFTYWK36500CE,01-10-2021 10:28,901.45
BANKNIFTYWK36500CE,01-10-2021 10:29,932
BANKNIFTYWK36500CE,01-10-2021 10:30,913.35
BANKNIFTYWK36500CE,01-10-2021 10:31,898.8
BANKNIFTYWK36500CE,01-10-2021 10:32,900.15
BANKNIFTYWK36500CE,01-10-2021 10:33,891.85
BANKNIFTYWK36500CE,01-10-2021 10:34,887.4
BANKNIFTYWK36500CE,01-10-2021 10:35,874.75
BANKNIFTYWK36500CE,01-10-2021 10:36,862
BANKNIFTYWK36500CE,01-10-2021 10:37,868.95
BANKNIFTYWK36500CE,01-10-2021 10:38,882.65
BANKNIFTYWK36500CE,01-10-2021 10:39,897.35
BANKNIFTYWK36500CE,01-10-2021 10:40,903.7
BANKNIFTYWK36500CE,01-10-2021 10:41,899.2
BANKNIFTYWK36500CE,01-10-2021 10:42,882.1
BANKNIFTYWK36500CE,01-10-2021 10:43,914.15
BANKNIFTYWK36500CE,01-10-2021 10:44,905.9
BANKNIFTYWK36500CE,01-10-2021 10:45,918.6
BANKNIFTYWK36500CE,01-10-2021 10:46,969.1
BANKNIFTYWK36500CE,01-10-2021 10:47,963.2
BANKNIFTYWK36500CE,01-10-2021 10:48,962.45
BANKNIFTYWK36500CE,01-10-2021 10:49,977.2
BANKNIFTYWK36500CE,01-10-2021 10:50,950
BANKNIFTYWK36500CE,01-10-2021 10:51,961.7
BANKNIFTYWK36500CE,01-10-2021 10:52,944.25
BANKNIFTYWK36500CE,01-10-2021 10:53,955
BANKNIFTYWK36500CE,01-10-2021 10:54,954.55
BANKNIFTYWK36500CE,01-10-2021 10:55,947.2
BANKNIFTYWK36500CE,01-10-2021 10:56,952.6
BANKNIFTYWK36500CE,01-10-2021 10:57,938.55
BANKNIFTYWK36500CE,01-10-2021 10:58,955.05
BANKNIFTYWK36500CE,01-10-2021 10:59,945.95
BANKNIFTYWK36500CE,01-10-2021 11:00,958.65
BANKNIFTYWK36500CE,01-10-2021 11:01,960
BANKNIFTYWK36500CE,01-10-2021 11:02,939
BANKNIFTYWK36500CE,01-10-2021 11:03,930.55
BANKNIFTYWK36500CE,01-10-2021 11:04,936.85
BANKNIFTYWK36500CE,01-10-2021 11:05,942.6
BANKNIFTYWK36500CE,01-10-2021 11:06,931.9
BANKNIFTYWK36500CE,01-10-2021 11:07,927.75
BANKNIFTYWK36500CE,01-10-2021 11:08,912.75
BANKNIFTYWK36500CE,01-10-2021 11:09,911.4
BANKNIFTYWK36500CE,01-10-2021 11:10,905.2
BANKNIFTYWK36500CE,01-10-2021 11:11,900
BANKNIFTYWK36500CE,01-10-2021 11:12,913.25
BANKNIFTYWK36500CE,01-10-2021 11:13,921.25
BANKNIFTYWK36500CE,01-10-2021 11:14,914.5
BANKNIFTYWK36500CE,01-10-2021 11:15,919.6
BANKNIFTYWK36500CE,01-10-2021 11:16,919.6
BANKNIFTYWK36500CE,01-10-2021 11:17,914.2
BANKNIFTYWK36500CE,01-10-2021 11:18,936
BANKNIFTYWK36500CE,01-10-2021 11:19,910
BANKNIFTYWK36500CE,01-10-2021 11:20,937.2
BANKNIFTYWK36500CE,01-10-2021 11:21,949.5
BANKNIFTYWK36500CE,01-10-2021 11:22,950.75
BANKNIFTYWK36500CE,01-10-2021 11:23,952.75
BANKNIFTYWK36500CE,01-10-2021 11:24,944.35
BANKNIFTYWK36500CE,01-10-2021 11:25,935.3
BANKNIFTYWK36500CE,01-10-2021 11:26,906.55
BANKNIFTYWK36500CE,01-10-2021 11:27,912.25
BANKNIFTYWK36500CE,01-10-2021 11:28,910
BANKNIFTYWK36500CE,01-10-2021 11:29,903.45
BANKNIFTYWK36500CE,01-10-2021 11:30,910.7
BANKNIFTYWK36500CE,01-10-2021 11:31,920
BANKNIFTYWK36500CE,01-10-2021 11:32,919.75
BANKNIFTYWK36500CE,01-10-2021 11:33,913.5
BANKNIFTYWK36500CE,01-10-2021 11:34,898.65
BANKNIFTYWK36500CE,01-10-2021 11:35,895
BANKNIFTYWK36500CE,01-10-2021 11:36,877.95
BANKNIFTYWK36500CE,01-10-2021 11:37,933.6
BANKNIFTYWK36500CE,01-10-2021 11:38,929
BANKNIFTYWK36500CE,01-10-2021 11:39,934.45
BANKNIFTYWK36500CE,01-10-2021 11:40,935.4
BANKNIFTYWK36500CE,01-10-2021 11:41,930
BANKNIFTYWK36500CE,01-10-2021 11:42,917.25
BANKNIFTYWK36500CE,01-10-2021 11:43,925.15
BANKNIFTYWK36500CE,01-10-2021 11:44,920.05
BANKNIFTYWK36500CE,01-10-2021 11:45,908.15
BANKNIFTYWK36500CE,01-10-2021 11:46,904.4
BANKNIFTYWK36500CE,01-10-2021 11:47,886.25
BANKNIFTYWK36500CE,01-10-2021 11:48,880.9
BANKNIFTYWK36500CE,01-10-2021 11:49,882.75
BANKNIFTYWK36500CE,01-10-2021 11:50,860
BANKNIFTYWK36500CE,01-10-2021 11:51,854.3
BANKNIFTYWK36500CE,01-10-2021 11:52,859.95
BANKNIFTYWK36500CE,01-10-2021 11:53,846.05
BANKNIFTYWK36500CE,01-10-2021 11:54,856.35
BANKNIFTYWK36500CE,01-10-2021 11:55,855
BANKNIFTYWK36500CE,01-10-2021 11:56,850.8
BANKNIFTYWK36500CE,01-10-2021 11:57,849
BANKNIFTYWK36500CE,01-10-2021 11:58,856.4
BANKNIFTYWK36500CE,01-10-2021 11:59,846.75
BANKNIFTYWK36500CE,01-10-2021 12:00,835
BANKNIFTYWK36500CE,01-10-2021 12:01,835.95
BANKNIFTYWK36500CE,01-10-2021 12:02,820
BANKNIFTYWK36500CE,01-10-2021 12:03,819.85
BANKNIFTYWK36500CE,01-10-2021 12:04,830
BANKNIFTYWK36500CE,01-10-2021 12:05,823.95
BANKNIFTYWK36500CE,01-10-2021 12:06,811.7
BANKNIFTYWK36500CE,01-10-2021 12:07,845.45
BANKNIFTYWK36500CE,01-10-2021 12:08,825
BANKNIFTYWK36500CE,01-10-2021 12:09,840
BANKNIFTYWK36500CE,01-10-2021 12:10,830
BANKNIFTYWK36500CE,01-10-2021 12:11,826.6
BANKNIFTYWK36500CE,01-10-2021 12:12,840
BANKNIFTYWK36500CE,01-10-2021 12:13,834.4
BANKNIFTYWK36500CE,01-10-2021 12:14,814.4
BANKNIFTYWK36500CE,01-10-2021 12:15,827
BANKNIFTYWK36500CE,01-10-2021 12:16,826.95
BANKNIFTYWK36500CE,01-10-2021 12:17,829.9
BANKNIFTYWK36500CE,01-10-2021 12:18,847.25
BANKNIFTYWK36500CE,01-10-2021 12:19,843
BANKNIFTYWK36500CE,01-10-2021 12:20,854.7
BANKNIFTYWK36500CE,01-10-2021 12:21,854.25
BANKNIFTYWK36500CE,01-10-2021 12:23,861.9
BANKNIFTYWK36500CE,01-10-2021 12:24,844.65
BANKNIFTYWK36500CE,01-10-2021 12:25,830.65
BANKNIFTYWK36500CE,01-10-2021 12:26,837.2
BANKNIFTYWK36500CE,01-10-2021 12:27,831.3
BANKNIFTYWK36500CE,01-10-2021 12:28,849.9
BANKNIFTYWK36500CE,01-10-2021 12:29,858.55
BANKNIFTYWK36500CE,01-10-2021 12:30,856.4
BANKNIFTYWK36500CE,01-10-2021 12:31,852.8
BANKNIFTYWK36500CE,01-10-2021 12:32,852.8
BANKNIFTYWK36500CE,01-10-2021 12:33,833.95
BANKNIFTYWK36500CE,01-10-2021 12:34,830.8
BANKNIFTYWK36500CE,01-10-2021 12:35,811.85
BANKNIFTYWK36500CE,01-10-2021 12:36,807.3
BANKNIFTYWK36500CE,01-10-2021 12:37,814.8
BANKNIFTYWK36500CE,01-10-2021 12:38,815.65
BANKNIFTYWK36500CE,01-10-2021 12:39,806.1
BANKNIFTYWK36500CE,01-10-2021 12:40,804.95
BANKNIFTYWK36500CE,01-10-2021 12:41,786.1
BANKNIFTYWK36500CE,01-10-2021 12:42,796.8
BANKNIFTYWK36500CE,01-10-2021 12:43,810
BANKNIFTYWK36500CE,01-10-2021 12:44,810
BANKNIFTYWK36500CE,01-10-2021 12:45,809.55
BANKNIFTYWK36500CE,01-10-2021 12:46,813.45
BANKNIFTYWK36500CE,01-10-2021 12:47,790
BANKNIFTYWK36500CE,01-10-2021 12:48,804.4
BANKNIFTYWK36500CE,01-10-2021 12:49,810
BANKNIFTYWK36500CE,01-10-2021 12:50,815.65
BANKNIFTYWK36500CE,01-10-2021 12:51,822
BANKNIFTYWK36500CE,01-10-2021 12:52,822.5
BANKNIFTYWK36500CE,01-10-2021 12:53,828
BANKNIFTYWK36500CE,01-10-2021 12:54,829.5
BANKNIFTYWK36500CE,01-10-2021 12:55,833
BANKNIFTYWK36500CE,01-10-2021 12:56,841.8
BANKNIFTYWK36500CE,01-10-2021 12:57,838.25
BANKNIFTYWK36500CE,01-10-2021 12:58,850
BANKNIFTYWK36500CE,01-10-2021 12:59,852
BANKNIFTYWK36500CE,01-10-2021 13:00,860
BANKNIFTYWK36500CE,01-10-2021 13:01,874.4
BANKNIFTYWK36500CE,01-10-2021 13:02,847.75
BANKNIFTYWK36500CE,01-10-2021 13:03,843.75
BANKNIFTYWK36500CE,01-10-2021 13:04,851
BANKNIFTYWK36500CE,01-10-2021 13:05,852.85
BANKNIFTYWK36500CE,01-10-2021 13:06,851.05
BANKNIFTYWK36500CE,01-10-2021 13:07,854.8
BANKNIFTYWK36500CE,01-10-2021 13:08,835.5
BANKNIFTYWK36500CE,01-10-2021 13:09,866
BANKNIFTYWK36500CE,01-10-2021 13:10,881.8
BANKNIFTYWK36500CE,01-10-2021 13:11,870
BANKNIFTYWK36500CE,01-10-2021 13:12,872.85
BANKNIFTYWK36500CE,01-10-2021 13:13,866.25
BANKNIFTYWK36500CE,01-10-2021 13:14,850
BANKNIFTYWK36500CE,01-10-2021 13:15,834.65
BANKNIFTYWK36500CE,01-10-2021 13:16,841.65
BANKNIFTYWK36500CE,01-10-2021 13:17,845
BANKNIFTYWK36500CE,01-10-2021 13:18,828.3
BANKNIFTYWK36500CE,01-10-2021 13:19,846.85
BANKNIFTYWK36500CE,01-10-2021 13:20,865.5
BANKNIFTYWK36500CE,01-10-2021 13:21,863
BANKNIFTYWK36500CE,01-10-2021 13:22,852.55
BANKNIFTYWK36500CE,01-10-2021 13:23,856.35
BANKNIFTYWK36500CE,01-10-2021 13:24,857
BANKNIFTYWK36500CE,01-10-2021 13:25,859.85
BANKNIFTYWK36500CE,01-10-2021 13:26,864.55
BANKNIFTYWK36500CE,01-10-2021 13:27,877.9
BANKNIFTYWK36500CE,01-10-2021 13:28,868.8
BANKNIFTYWK36500CE,01-10-2021 13:29,858.05
BANKNIFTYWK36500CE,01-10-2021 13:30,864.5
BANKNIFTYWK36500CE,01-10-2021 13:31,870.75
BANKNIFTYWK36500CE,01-10-2021 13:32,865.55
BANKNIFTYWK36500CE,01-10-2021 13:33,881.35
BANKNIFTYWK36500CE,01-10-2021 13:34,882.65
BANKNIFTYWK36500CE,01-10-2021 13:35,854.05
BANKNIFTYWK36500CE,01-10-2021 13:36,867.15
BANKNIFTYWK36500CE,01-10-2021 13:37,857.1
BANKNIFTYWK36500CE,01-10-2021 13:38,844.9
BANKNIFTYWK36500CE,01-10-2021 13:39,822.75
BANKNIFTYWK36500CE,01-10-2021 13:40,819.8
BANKNIFTYWK36500CE,01-10-2021 13:41,819.75
BANKNIFTYWK36500CE,01-10-2021 13:42,822.1
BANKNIFTYWK36500CE,01-10-2021 13:43,832.35
BANKNIFTYWK36500CE,01-10-2021 13:44,826.45
BANKNIFTYWK36500CE,01-10-2021 13:45,821.7
BANKNIFTYWK36500CE,01-10-2021 13:46,822
BANKNIFTYWK36500CE,01-10-2021 13:47,820.05
BANKNIFTYWK36500CE,01-10-2021 13:48,825.6
BANKNIFTYWK36500CE,01-10-2021 13:49,846
BANKNIFTYWK36500CE,01-10-2021 13:50,840
BANKNIFTYWK36500CE,01-10-2021 13:51,817.8
BANKNIFTYWK36500CE,01-10-2021 13:52,823
BANKNIFTYWK36500CE,01-10-2021 13:53,817.85
BANKNIFTYWK36500CE,01-10-2021 13:54,815.8
BANKNIFTYWK36500CE,01-10-2021 13:55,810
BANKNIFTYWK36500CE,01-10-2021 13:56,817
BANKNIFTYWK36500CE,01-10-2021 13:57,812.45
BANKNIFTYWK36500CE,01-10-2021 13:58,808.35
BANKNIFTYWK36500CE,01-10-2021 13:59,824
BANKNIFTYWK36500CE,01-10-2021 14:00,837.05
BANKNIFTYWK36500CE,01-10-2021 14:01,828.9
BANKNIFTYWK36500CE,01-10-2021 14:02,829.4
BANKNIFTYWK36500CE,01-10-2021 14:03,817.4
BANKNIFTYWK36500CE,01-10-2021 14:04,829.95
BANKNIFTYWK36500CE,01-10-2021 14:05,838.45
BANKNIFTYWK36500CE,01-10-2021 14:06,840.7
BANKNIFTYWK36500CE,01-10-2021 14:07,835.85
BANKNIFTYWK36500CE,01-10-2021 14:08,841.45
BANKNIFTYWK36500CE,01-10-2021 14:09,844.65
BANKNIFTYWK36500CE,01-10-2021 14:10,845
BANKNIFTYWK36500CE,01-10-2021 14:11,843.45
BANKNIFTYWK36500CE,01-10-2021 14:12,851
BANKNIFTYWK36500CE,01-10-2021 14:13,841.55
BANKNIFTYWK36500CE,01-10-2021 14:14,860.55
BANKNIFTYWK36500CE,01-10-2021 14:15,862.45
BANKNIFTYWK36500CE,01-10-2021 14:16,848
BANKNIFTYWK36500CE,01-10-2021 14:17,845
BANKNIFTYWK36500CE,01-10-2021 14:18,851.1
BANKNIFTYWK36500CE,01-10-2021 14:19,853.6
BANKNIFTYWK36500CE,01-10-2021 14:20,850
BANKNIFTYWK36500CE,01-10-2021 14:21,860
BANKNIFTYWK36500CE,01-10-2021 14:22,852.35
BANKNIFTYWK36500CE,01-10-2021 14:23,847.75
BANKNIFTYWK36500CE,01-10-2021 14:24,845
BANKNIFTYWK36500CE,01-10-2021 14:25,841.55
BANKNIFTYWK36500CE,01-10-2021 14:26,848.85
BANKNIFTYWK36500CE,01-10-2021 14:27,837.85
BANKNIFTYWK36500CE,01-10-2021 14:28,849
BANKNIFTYWK36500CE,01-10-2021 14:29,859.1
BANKNIFTYWK36500CE,01-10-2021 14:30,869
BANKNIFTYWK36500CE,01-10-2021 14:31,889
BANKNIFTYWK36500CE,01-10-2021 14:32,871.8
BANKNIFTYWK36500CE,01-10-2021 14:33,861.9
BANKNIFTYWK36500CE,01-10-2021 14:34,846.35
BANKNIFTYWK36500CE,01-10-2021 14:35,846.35
BANKNIFTYWK36500CE,01-10-2021 14:36,845
BANKNIFTYWK36500CE,01-10-2021 14:37,842.15
BANKNIFTYWK36500CE,01-10-2021 14:38,843.3
BANKNIFTYWK36500CE,01-10-2021 14:39,840
BANKNIFTYWK36500CE,01-10-2021 14:40,857.5
BANKNIFTYWK36500CE,01-10-2021 14:41,847.25
BANKNIFTYWK36500CE,01-10-2021 14:42,847.85
BANKNIFTYWK36500CE,01-10-2021 14:43,840
BANKNIFTYWK36500CE,01-10-2021 14:44,850
BANKNIFTYWK36500CE,01-10-2021 14:45,854.55
BANKNIFTYWK36500CE,01-10-2021 14:46,863.8
BANKNIFTYWK36500CE,01-10-2021 14:47,877.25
BANKNIFTYWK36500CE,01-10-2021 14:48,869.9
BANKNIFTYWK36500CE,01-10-2021 14:49,851.65
BANKNIFTYWK36500CE,01-10-2021 14:50,855.75
BANKNIFTYWK36500CE,01-10-2021 14:51,867.1
BANKNIFTYWK36500CE,01-10-2021 14:52,863.9
BANKNIFTYWK36500CE,01-10-2021 14:53,860.55
BANKNIFTYWK36500CE,01-10-2021 14:54,865
BANKNIFTYWK36500CE,01-10-2021 14:55,864.9
BANKNIFTYWK36500CE,01-10-2021 14:56,874.05
BANKNIFTYWK36500CE,01-10-2021 14:57,873.25
BANKNIFTYWK36500CE,01-10-2021 14:58,870
BANKNIFTYWK36500CE,01-10-2021 14:59,873.65
BANKNIFTYWK36500CE,01-10-2021 15:00,916.2
BANKNIFTYWK36500CE,01-10-2021 15:01,926.1
BANKNIFTYWK36500CE,01-10-2021 15:02,922.35
BANKNIFTYWK36500CE,01-10-2021 15:03,918.35
BANKNIFTYWK36500CE,01-10-2021 15:04,920.5
BANKNIFTYWK36500CE,01-10-2021 15:05,905.8
BANKNIFTYWK36500CE,01-10-2021 15:06,916.3
BANKNIFTYWK36500CE,01-10-2021 15:07,917.55
BANKNIFTYWK36500CE,01-10-2021 15:08,905.9
BANKNIFTYWK36500CE,01-10-2021 15:09,899.3
BANKNIFTYWK36500CE,01-10-2021 15:10,902.5
BANKNIFTYWK36500CE,01-10-2021 15:11,896.2
BANKNIFTYWK36500CE,01-10-2021 15:12,895.05
BANKNIFTYWK36500CE,01-10-2021 15:13,899
BANKNIFTYWK36500CE,01-10-2021 15:14,884.55
BANKNIFTYWK36500CE,01-10-2021 15:15,888.1
BANKNIFTYWK36500CE,01-10-2021 15:16,864.85
BANKNIFTYWK36500CE,01-10-2021 15:17,850
BANKNIFTYWK36500CE,01-10-2021 15:18,861.05
BANKNIFTYWK36500CE,01-10-2021 15:19,862.95
BANKNIFTYWK36500CE,01-10-2021 15:20,918.2
BANKNIFTYWK36500CE,01-10-2021 15:21,899.65
BANKNIFTYWK36500CE,01-10-2021 15:22,898.5
BANKNIFTYWK36500CE,01-10-2021 15:23,903.35
BANKNIFTYWK36500CE,01-10-2021 15:24,900
BANKNIFTYWK36500CE,01-10-2021 15:25,893.15
BANKNIFTYWK36500CE,01-10-2021 15:26,887.25
BANKNIFTYWK36500CE,01-10-2021 15:27,893
BANKNIFTYWK36500CE,01-10-2021 15:28,887.65
BANKNIFTYWK36500CE,01-10-2021 15:29,876.4
BANKNIFTYWK36500CE,04-10-2021 09:15,1032.65
BANKNIFTYWK36500CE,04-10-2021 09:16,1053
BANKNIFTYWK36500CE,04-10-2021 09:17,1069.8
BANKNIFTYWK36500CE,04-10-2021 09:18,1039
BANKNIFTYWK36500CE,04-10-2021 09:19,1053.05
BANKNIFTYWK36500CE,04-10-2021 09:20,1089.8
BANKNIFTYWK36500CE,04-10-2021 09:21,1084.25
BANKNIFTYWK36500CE,04-10-2021 09:22,1095.5
BANKNIFTYWK36500CE,04-10-2021 09:23,1084.65
BANKNIFTYWK36500CE,04-10-2021 09:24,1079
BANKNIFTYWK36500CE,04-10-2021 09:25,1095.5
BANKNIFTYWK36500CE,04-10-2021 09:26,1083.75
BANKNIFTYWK36500CE,04-10-2021 09:27,1066
BANKNIFTYWK36500CE,04-10-2021 09:28,1069.05
BANKNIFTYWK36500CE,04-10-2021 09:29,1066.95
BANKNIFTYWK36500CE,04-10-2021 09:30,1090
BANKNIFTYWK36500CE,04-10-2021 09:31,1119
BANKNIFTYWK36500CE,04-10-2021 09:32,1120.05
BANKNIFTYWK36500CE,04-10-2021 09:33,1120.25
BANKNIFTYWK36500CE,04-10-2021 09:34,1104.4
BANKNIFTYWK36500CE,04-10-2021 09:35,1108.2
BANKNIFTYWK36500CE,04-10-2021 09:36,1130.4
BANKNIFTYWK36500CE,04-10-2021 09:37,1109
BANKNIFTYWK36500CE,04-10-2021 09:38,1121.85
BANKNIFTYWK36500CE,04-10-2021 09:39,1116.2
BANKNIFTYWK36500CE,04-10-2021 09:41,1109
BANKNIFTYWK36500CE,04-10-2021 09:42,1100.1
BANKNIFTYWK36500CE,04-10-2021 09:43,1096.65
BANKNIFTYWK36500CE,04-10-2021 09:44,1094.9
BANKNIFTYWK36500CE,04-10-2021 09:45,1100
BANKNIFTYWK36500CE,04-10-2021 09:46,1071.9
BANKNIFTYWK36500CE,04-10-2021 09:47,1090.25
BANKNIFTYWK36500CE,04-10-2021 09:48,1120
BANKNIFTYWK36500CE,04-10-2021 09:49,1110.45
BANKNIFTYWK36500CE,04-10-2021 09:50,1106.4
BANKNIFTYWK36500CE,04-10-2021 09:51,1112.7
BANKNIFTYWK36500CE,04-10-2021 09:52,1111.05
BANKNIFTYWK36500CE,04-10-2021 09:53,1103.8
BANKNIFTYWK36500CE,04-10-2021 09:54,1135
BANKNIFTYWK36500CE,04-10-2021 09:55,1149.1
BANKNIFTYWK36500CE,04-10-2021 09:56,1154.15
BANKNIFTYWK36500CE,04-10-2021 09:57,1166.2
BANKNIFTYWK36500CE,04-10-2021 09:58,1150
BANKNIFTYWK36500CE,04-10-2021 09:59,1170
BANKNIFTYWK36500CE,04-10-2021 10:00,1147.55
BANKNIFTYWK36500CE,04-10-2021 10:01,1170
BANKNIFTYWK36500CE,04-10-2021 10:02,1178.5
BANKNIFTYWK36500CE,04-10-2021 10:03,1164.5
BANKNIFTYWK36500CE,04-10-2021 10:04,1152.05
BANKNIFTYWK36500CE,04-10-2021 10:05,1154.5
BANKNIFTYWK36500CE,04-10-2021 10:06,1160.05
BANKNIFTYWK36500CE,04-10-2021 10:07,1160.85
BANKNIFTYWK36500CE,04-10-2021 10:08,1147.6
BANKNIFTYWK36500CE,04-10-2021 10:09,1137.05
BANKNIFTYWK36500CE,04-10-2021 10:10,1137.05
BANKNIFTYWK36500CE,04-10-2021 10:12,1146.55
BANKNIFTYWK36500CE,04-10-2021 10:13,1146.55
BANKNIFTYWK36500CE,04-10-2021 10:14,1136.75
BANKNIFTYWK36500CE,04-10-2021 10:15,1134.7
BANKNIFTYWK36500CE,04-10-2021 10:16,1140
BANKNIFTYWK36500CE,04-10-2021 10:17,1123.25
BANKNIFTYWK36500CE,04-10-2021 10:18,1123.25
BANKNIFTYWK36500CE,04-10-2021 10:19,1110
BANKNIFTYWK36500CE,04-10-2021 10:20,1120
BANKNIFTYWK36500CE,04-10-2021 10:21,1149
BANKNIFTYWK36500CE,04-10-2021 10:22,1150.9
BANKNIFTYWK36500CE,04-10-2021 10:23,1138.9
BANKNIFTYWK36500CE,04-10-2021 10:24,1144.05
BANKNIFTYWK36500CE,04-10-2021 10:25,1150.3
BANKNIFTYWK36500CE,04-10-2021 10:26,1156.8
BANKNIFTYWK36500CE,04-10-2021 10:27,1150
BANKNIFTYWK36500CE,04-10-2021 10:28,1152.85
BANKNIFTYWK36500CE,04-10-2021 10:29,1141.45
BANKNIFTYWK36500CE,04-10-2021 10:31,1156.85
BANKNIFTYWK36500CE,04-10-2021 10:32,1158
BANKNIFTYWK36500CE,04-10-2021 10:33,1137.6
BANKNIFTYWK36500CE,04-10-2021 10:34,1127.45
BANKNIFTYWK36500CE,04-10-2021 10:35,1125.8
BANKNIFTYWK36500CE,04-10-2021 10:36,1131.25
BANKNIFTYWK36500CE,04-10-2021 10:37,1135.45
BANKNIFTYWK36500CE,04-10-2021 10:38,1135
BANKNIFTYWK36500CE,04-10-2021 10:39,1153
BANKNIFTYWK36500CE,04-10-2021 10:40,1164
BANKNIFTYWK36500CE,04-10-2021 10:41,1163.95
BANKNIFTYWK36500CE,04-10-2021 10:42,1151.6
BANKNIFTYWK36500CE,04-10-2021 10:43,1165.35
BANKNIFTYWK36500CE,04-10-2021 10:44,1169
BANKNIFTYWK36500CE,04-10-2021 10:45,1200
BANKNIFTYWK36500CE,04-10-2021 10:46,1191.5
BANKNIFTYWK36500CE,04-10-2021 10:47,1200.35
BANKNIFTYWK36500CE,04-10-2021 10:48,1215
BANKNIFTYWK36500CE,04-10-2021 10:49,1209.05
BANKNIFTYWK36500CE,04-10-2021 10:50,1199.05
BANKNIFTYWK36500CE,04-10-2021 10:51,1202.1
BANKNIFTYWK36500CE,04-10-2021 10:52,1202.1
BANKNIFTYWK36500CE,04-10-2021 10:53,1194
BANKNIFTYWK36500CE,04-10-2021 10:54,1192.9
BANKNIFTYWK36500CE,04-10-2021 10:55,1184.9
BANKNIFTYWK36500CE,04-10-2021 10:58,1199.25
BANKNIFTYWK36500CE,04-10-2021 10:59,1204.7
BANKNIFTYWK36500CE,04-10-2021 11:00,1191.9
BANKNIFTYWK36500CE,04-10-2021 11:01,1195
BANKNIFTYWK36500CE,04-10-2021 11:02,1183.9
BANKNIFTYWK36500CE,04-10-2021 11:03,1182.9
BANKNIFTYWK36500CE,04-10-2021 11:04,1170.5
BANKNIFTYWK36500CE,04-10-2021 11:05,1163
BANKNIFTYWK36500CE,04-10-2021 11:06,1157.75
BANKNIFTYWK36500CE,04-10-2021 11:07,1161
BANKNIFTYWK36500CE,04-10-2021 11:08,1166.85
BANKNIFTYWK36500CE,04-10-2021 11:10,1164.55
BANKNIFTYWK36500CE,04-10-2021 11:11,1161.05
BANKNIFTYWK36500CE,04-10-2021 11:12,1162.4
BANKNIFTYWK36500CE,04-10-2021 11:13,1172.5
BANKNIFTYWK36500CE,04-10-2021 11:16,1150
BANKNIFTYWK36500CE,04-10-2021 11:17,1149.95
BANKNIFTYWK36500CE,04-10-2021 11:18,1136
BANKNIFTYWK36500CE,04-10-2021 11:19,1143.1
BANKNIFTYWK36500CE,04-10-2021 11:20,1160
BANKNIFTYWK36500CE,04-10-2021 11:21,1162
BANKNIFTYWK36500CE,04-10-2021 11:22,1155
BANKNIFTYWK36500CE,04-10-2021 11:23,1145
BANKNIFTYWK36500CE,04-10-2021 11:24,1139.8
BANKNIFTYWK36500CE,04-10-2021 11:25,1137
BANKNIFTYWK36500CE,04-10-2021 11:26,1125
BANKNIFTYWK36500CE,04-10-2021 11:27,1120.9
BANKNIFTYWK36500CE,04-10-2021 11:28,1137
BANKNIFTYWK36500CE,04-10-2021 11:29,1124
BANKNIFTYWK36500CE,04-10-2021 11:30,1124
BANKNIFTYWK36500CE,04-10-2021 11:33,1125
BANKNIFTYWK36500CE,04-10-2021 11:34,1145.9
BANKNIFTYWK36500CE,04-10-2021 11:35,1145.85
BANKNIFTYWK36500CE,04-10-2021 11:36,1152.25
BANKNIFTYWK36500CE,04-10-2021 11:38,1142
BANKNIFTYWK36500CE,04-10-2021 11:39,1145.15
BANKNIFTYWK36500CE,04-10-2021 11:40,1140.2
BANKNIFTYWK36500CE,04-10-2021 11:43,1130
BANKNIFTYWK36500CE,04-10-2021 11:44,1122
BANKNIFTYWK36500CE,04-10-2021 11:45,1108
BANKNIFTYWK36500CE,04-10-2021 11:46,1100.1
BANKNIFTYWK36500CE,04-10-2021 11:47,1100.1
BANKNIFTYWK36500CE,04-10-2021 11:48,1124.7
BANKNIFTYWK36500CE,04-10-2021 11:50,1130.3
BANKNIFTYWK36500CE,04-10-2021 11:51,1130.3
BANKNIFTYWK36500CE,04-10-2021 11:52,1136.9
BANKNIFTYWK36500CE,04-10-2021 11:53,1139.95
BANKNIFTYWK36500CE,04-10-2021 11:54,1138.65
BANKNIFTYWK36500CE,04-10-2021 11:55,1139
BANKNIFTYWK36500CE,04-10-2021 11:56,1143.9
BANKNIFTYWK36500CE,04-10-2021 11:57,1144.65
BANKNIFTYWK36500CE,04-10-2021 11:58,1142.45
BANKNIFTYWK36500CE,04-10-2021 11:59,1153.8
BANKNIFTYWK36500CE,04-10-2021 12:00,1153.8
BANKNIFTYWK36500CE,04-10-2021 12:01,1163.85
BANKNIFTYWK36500CE,04-10-2021 12:02,1158.45
BANKNIFTYWK36500CE,04-10-2021 12:03,1158.45
BANKNIFTYWK36500CE,04-10-2021 12:05,1168
BANKNIFTYWK36500CE,04-10-2021 12:06,1170.5
BANKNIFTYWK36500CE,04-10-2021 12:08,1156.35
BANKNIFTYWK36500CE,04-10-2021 12:09,1156.35
BANKNIFTYWK36500CE,04-10-2021 12:10,1145
BANKNIFTYWK36500CE,04-10-2021 12:12,1143.85
BANKNIFTYWK36500CE,04-10-2021 12:14,1166.7
BANKNIFTYWK36500CE,04-10-2021 12:15,1170.05
BANKNIFTYWK36500CE,04-10-2021 12:16,1155
BANKNIFTYWK36500CE,04-10-2021 12:17,1147.15
BANKNIFTYWK36500CE,04-10-2021 12:18,1135.55
BANKNIFTYWK36500CE,04-10-2021 12:20,1144.95
BANKNIFTYWK36500CE,04-10-2021 12:21,1125.05
BANKNIFTYWK36500CE,04-10-2021 12:24,1090
BANKNIFTYWK36500CE,04-10-2021 12:25,1104.25
BANKNIFTYWK36500CE,04-10-2021 12:26,1080.75
BANKNIFTYWK36500CE,04-10-2021 12:27,1097.1
BANKNIFTYWK36500CE,04-10-2021 12:28,1081.45
BANKNIFTYWK36500CE,04-10-2021 12:30,1082.7
BANKNIFTYWK36500CE,04-10-2021 12:31,1080.7
BANKNIFTYWK36500CE,04-10-2021 12:32,1081.85
BANKNIFTYWK36500CE,04-10-2021 12:33,1093
BANKNIFTYWK36500CE,04-10-2021 12:34,1106.35
BANKNIFTYWK36500CE,04-10-2021 12:35,1121.6
BANKNIFTYWK36500CE,04-10-2021 12:38,1110.35
BANKNIFTYWK36500CE,04-10-2021 12:39,1110.35
BANKNIFTYWK36500CE,04-10-2021 12:40,1114
BANKNIFTYWK36500CE,04-10-2021 12:42,1110.95
BANKNIFTYWK36500CE,04-10-2021 12:43,1115.15
BANKNIFTYWK36500CE,04-10-2021 12:44,1101.3
BANKNIFTYWK36500CE,04-10-2021 12:45,1103.9
BANKNIFTYWK36500CE,04-10-2021 12:46,1100
BANKNIFTYWK36500CE,04-10-2021 12:47,1100.1
BANKNIFTYWK36500CE,04-10-2021 12:48,1100
BANKNIFTYWK36500CE,04-10-2021 12:49,1100
BANKNIFTYWK36500CE,04-10-2021 12:50,1110
BANKNIFTYWK36500CE,04-10-2021 12:51,1103.55
BANKNIFTYWK36500CE,04-10-2021 12:52,1099
BANKNIFTYWK36500CE,04-10-2021 12:53,1099
BANKNIFTYWK36500CE,04-10-2021 12:54,1085.45
BANKNIFTYWK36500CE,04-10-2021 12:55,1101
BANKNIFTYWK36500CE,04-10-2021 12:57,1092.2
BANKNIFTYWK36500CE,04-10-2021 12:58,1092.2
BANKNIFTYWK36500CE,04-10-2021 12:59,1085
BANKNIFTYWK36500CE,04-10-2021 13:01,1089.95
BANKNIFTYWK36500CE,04-10-2021 13:02,1089.95
BANKNIFTYWK36500CE,04-10-2021 13:07,1111
BANKNIFTYWK36500CE,04-10-2021 13:08,1107
BANKNIFTYWK36500CE,04-10-2021 13:10,1101.25
BANKNIFTYWK36500CE,04-10-2021 13:13,1101.25
BANKNIFTYWK36500CE,04-10-2021 13:14,1116.65
BANKNIFTYWK36500CE,04-10-2021 13:16,1128.5
BANKNIFTYWK36500CE,04-10-2021 13:17,1146.1
BANKNIFTYWK36500CE,04-10-2021 13:18,1146.1
BANKNIFTYWK36500CE,04-10-2021 13:19,1139.1
BANKNIFTYWK36500CE,04-10-2021 13:20,1135.75
BANKNIFTYWK36500CE,04-10-2021 13:22,1129.65
BANKNIFTYWK36500CE,04-10-2021 13:23,1146
BANKNIFTYWK36500CE,04-10-2021 13:25,1141.1
BANKNIFTYWK36500CE,04-10-2021 13:26,1141.1
BANKNIFTYWK36500CE,04-10-2021 13:27,1146.35
BANKNIFTYWK36500CE,04-10-2021 13:28,1162.4
BANKNIFTYWK36500CE,04-10-2021 13:30,1162
BANKNIFTYWK36500CE,04-10-2021 13:33,1146
BANKNIFTYWK36500CE,04-10-2021 13:34,1145.55
BANKNIFTYWK36500CE,04-10-2021 13:35,1165.8
BANKNIFTYWK36500CE,04-10-2021 13:36,1165.8
BANKNIFTYWK36500CE,04-10-2021 13:37,1170
BANKNIFTYWK36500CE,04-10-2021 13:40,1181.25
BANKNIFTYWK36500CE,04-10-2021 13:43,1161.25
BANKNIFTYWK36500CE,04-10-2021 13:44,1155.2
BANKNIFTYWK36500CE,04-10-2021 13:45,1151
BANKNIFTYWK36500CE,04-10-2021 13:47,1156.85
BANKNIFTYWK36500CE,04-10-2021 13:49,1150
BANKNIFTYWK36500CE,04-10-2021 13:52,1150
BANKNIFTYWK36500CE,04-10-2021 13:56,1160
BANKNIFTYWK36500CE,04-10-2021 13:57,1172.65
BANKNIFTYWK36500CE,04-10-2021 13:59,1170.75
BANKNIFTYWK36500CE,04-10-2021 14:00,1176.7
BANKNIFTYWK36500CE,04-10-2021 14:01,1170.6
BANKNIFTYWK36500CE,04-10-2021 14:02,1148.55
BANKNIFTYWK36500CE,04-10-2021 14:03,1152.7
BANKNIFTYWK36500CE,04-10-2021 14:04,1143.2
BANKNIFTYWK36500CE,04-10-2021 14:05,1130
BANKNIFTYWK36500CE,04-10-2021 14:06,1158.15
BANKNIFTYWK36500CE,04-10-2021 14:07,1210.95
BANKNIFTYWK36500CE,04-10-2021 14:08,1196
BANKNIFTYWK36500CE,04-10-2021 14:09,1193.55
BANKNIFTYWK36500CE,04-10-2021 14:10,1191.8
BANKNIFTYWK36500CE,04-10-2021 14:12,1193.55
BANKNIFTYWK36500CE,04-10-2021 14:13,1194.55
BANKNIFTYWK36500CE,04-10-2021 14:14,1189
BANKNIFTYWK36500CE,04-10-2021 14:15,1188.1
BANKNIFTYWK36500CE,04-10-2021 14:16,1195
BANKNIFTYWK36500CE,04-10-2021 14:17,1195.2
BANKNIFTYWK36500CE,04-10-2021 14:18,1195.2
BANKNIFTYWK36500CE,04-10-2021 14:19,1190
BANKNIFTYWK36500CE,04-10-2021 14:20,1190
BANKNIFTYWK36500CE,04-10-2021 14:21,1183.15
BANKNIFTYWK36500CE,04-10-2021 14:22,1167.2
BANKNIFTYWK36500CE,04-10-2021 14:25,1186.15
BANKNIFTYWK36500CE,04-10-2021 14:27,1175.5
BANKNIFTYWK36500CE,04-10-2021 14:28,1178.6
BANKNIFTYWK36500CE,04-10-2021 14:29,1185.8
BANKNIFTYWK36500CE,04-10-2021 14:30,1162
BANKNIFTYWK36500CE,04-10-2021 14:33,1153.55
BANKNIFTYWK36500CE,04-10-2021 14:34,1135.6
BANKNIFTYWK36500CE,04-10-2021 14:35,1141.85
BANKNIFTYWK36500CE,04-10-2021 14:36,1150.95
BANKNIFTYWK36500CE,04-10-2021 14:37,1158.4
BANKNIFTYWK36500CE,04-10-2021 14:38,1154.75
BANKNIFTYWK36500CE,04-10-2021 14:39,1144.45
BANKNIFTYWK36500CE,04-10-2021 14:40,1167
BANKNIFTYWK36500CE,04-10-2021 14:41,1184
BANKNIFTYWK36500CE,04-10-2021 14:42,1187.2
BANKNIFTYWK36500CE,04-10-2021 14:43,1191.5
BANKNIFTYWK36500CE,04-10-2021 14:44,1196.7
BANKNIFTYWK36500CE,04-10-2021 14:45,1188.45
BANKNIFTYWK36500CE,04-10-2021 14:46,1188.1
BANKNIFTYWK36500CE,04-10-2021 14:47,1184.2
BANKNIFTYWK36500CE,04-10-2021 14:48,1172
BANKNIFTYWK36500CE,04-10-2021 14:49,1167
BANKNIFTYWK36500CE,04-10-2021 14:51,1167
BANKNIFTYWK36500CE,04-10-2021 14:52,1177
BANKNIFTYWK36500CE,04-10-2021 14:55,1160
BANKNIFTYWK36500CE,04-10-2021 14:56,1155
BANKNIFTYWK36500CE,04-10-2021 14:58,1170
BANKNIFTYWK36500CE,04-10-2021 14:59,1175
BANKNIFTYWK36500CE,04-10-2021 15:00,1159.15
BANKNIFTYWK36500CE,04-10-2021 15:01,1150.3
BANKNIFTYWK36500CE,04-10-2021 15:02,1150.3
BANKNIFTYWK36500CE,04-10-2021 15:03,1150.9
BANKNIFTYWK36500CE,04-10-2021 15:04,1152.65
BANKNIFTYWK36500CE,04-10-2021 15:06,1149
BANKNIFTYWK36500CE,04-10-2021 15:08,1162
BANKNIFTYWK36500CE,04-10-2021 15:10,1160
BANKNIFTYWK36500CE,04-10-2021 15:12,1163.4
BANKNIFTYWK36500CE,04-10-2021 15:14,1157.95
BANKNIFTYWK36500CE,04-10-2021 15:15,1158.55
BANKNIFTYWK36500CE,04-10-2021 15:16,1158
BANKNIFTYWK36500CE,04-10-2021 15:17,1153.15
BANKNIFTYWK36500CE,04-10-2021 15:18,1150
BANKNIFTYWK36500CE,04-10-2021 15:20,1179.7
BANKNIFTYWK36500CE,04-10-2021 15:22,1176.55
BANKNIFTYWK36500CE,04-10-2021 15:23,1176.4
BANKNIFTYWK36500CE,04-10-2021 15:24,1176.5
BANKNIFTYWK36500CE,04-10-2021 15:25,1184.65
BANKNIFTYWK36500CE,04-10-2021 15:26,1182.75
BANKNIFTYWK36500CE,04-10-2021 15:27,1182.6
BANKNIFTYWK36500CE,04-10-2021 15:28,1182.3
BANKNIFTYWK36500CE,04-10-2021 15:29,1185.9
BANKNIFTYWK36500CE,05-10-2021 09:15,950.45
BANKNIFTYWK36500CE,05-10-2021 09:16,960
BANKNIFTYWK36500CE,05-10-2021 09:17,965.25
BANKNIFTYWK36500CE,05-10-2021 09:18,993.35
BANKNIFTYWK36500CE,05-10-2021 09:19,970.65
BANKNIFTYWK36500CE,05-10-2021 09:20,1005.7
BANKNIFTYWK36500CE,05-10-2021 09:21,1029.35
BANKNIFTYWK36500CE,05-10-2021 09:22,1060.3
BANKNIFTYWK36500CE,05-10-2021 09:23,1067.85
BANKNIFTYWK36500CE,05-10-2021 09:24,1070
BANKNIFTYWK36500CE,05-10-2021 09:25,1056.15
BANKNIFTYWK36500CE,05-10-2021 09:26,1085.8
BANKNIFTYWK36500CE,05-10-2021 09:27,1080.2
BANKNIFTYWK36500CE,05-10-2021 09:28,1076.2
BANKNIFTYWK36500CE,05-10-2021 09:29,1064.6
BANKNIFTYWK36500CE,05-10-2021 09:30,1035.7
BANKNIFTYWK36500CE,05-10-2021 09:31,1015.25
BANKNIFTYWK36500CE,05-10-2021 09:32,1015
BANKNIFTYWK36500CE,05-10-2021 09:33,1024.2
BANKNIFTYWK36500CE,05-10-2021 09:34,1021.5
BANKNIFTYWK36500CE,05-10-2021 09:35,1040.4
BANKNIFTYWK36500CE,05-10-2021 09:36,1033.95
BANKNIFTYWK36500CE,05-10-2021 09:37,1043.55
BANKNIFTYWK36500CE,05-10-2021 09:38,1037.85
BANKNIFTYWK36500CE,05-10-2021 09:39,1062.65
BANKNIFTYWK36500CE,05-10-2021 09:40,1052.25
BANKNIFTYWK36500CE,05-10-2021 09:41,1057.95
BANKNIFTYWK36500CE,05-10-2021 09:42,1057.4
BANKNIFTYWK36500CE,05-10-2021 09:43,1058.65
BANKNIFTYWK36500CE,05-10-2021 09:44,1037.85
BANKNIFTYWK36500CE,05-10-2021 09:45,1025.6
BANKNIFTYWK36500CE,05-10-2021 09:46,1035
BANKNIFTYWK36500CE,05-10-2021 09:47,1035
BANKNIFTYWK36500CE,05-10-2021 09:48,1025.65
BANKNIFTYWK36500CE,05-10-2021 09:49,1011.6
BANKNIFTYWK36500CE,05-10-2021 09:50,987.05
BANKNIFTYWK36500CE,05-10-2021 09:51,1014.85
BANKNIFTYWK36500CE,05-10-2021 09:52,997.55
BANKNIFTYWK36500CE,05-10-2021 09:54,1004.05
BANKNIFTYWK36500CE,05-10-2021 09:55,1011.8
BANKNIFTYWK36500CE,05-10-2021 09:56,1005.55
BANKNIFTYWK36500CE,05-10-2021 09:57,1010
BANKNIFTYWK36500CE,05-10-2021 09:58,1003
BANKNIFTYWK36500CE,05-10-2021 09:59,970.1
BANKNIFTYWK36500CE,05-10-2021 10:00,980
BANKNIFTYWK36500CE,05-10-2021 10:01,989.4
BANKNIFTYWK36500CE,05-10-2021 10:02,982.3
BANKNIFTYWK36500CE,05-10-2021 10:03,975
BANKNIFTYWK36500CE,05-10-2021 10:04,985.15
BANKNIFTYWK36500CE,05-10-2021 10:05,987
BANKNIFTYWK36500CE,05-10-2021 10:06,987
BANKNIFTYWK36500CE,05-10-2021 10:08,988.2
BANKNIFTYWK36500CE,05-10-2021 10:09,980
BANKNIFTYWK36500CE,05-10-2021 10:10,1000
BANKNIFTYWK36500CE,05-10-2021 10:11,988.7
BANKNIFTYWK36500CE,05-10-2021 10:12,1013.95
BANKNIFTYWK36500CE,05-10-2021 10:13,1016.85
BANKNIFTYWK36500CE,05-10-2021 10:14,1016.25
BANKNIFTYWK36500CE,05-10-2021 10:15,1013.15
BANKNIFTYWK36500CE,05-10-2021 10:16,1014
BANKNIFTYWK36500CE,05-10-2021 10:17,1032.35
BANKNIFTYWK36500CE,05-10-2021 10:18,1050
BANKNIFTYWK36500CE,05-10-2021 10:19,1064.25
BANKNIFTYWK36500CE,05-10-2021 10:20,1057.25
BANKNIFTYWK36500CE,05-10-2021 10:21,1046.55
BANKNIFTYWK36500CE,05-10-2021 10:22,1075.3
BANKNIFTYWK36500CE,05-10-2021 10:23,1064.9
BANKNIFTYWK36500CE,05-10-2021 10:24,1055
BANKNIFTYWK36500CE,05-10-2021 10:25,1044.6
BANKNIFTYWK36500CE,05-10-2021 10:26,1048.65
BANKNIFTYWK36500CE,05-10-2021 10:27,1056.25
BANKNIFTYWK36500CE,05-10-2021 10:28,1050
BANKNIFTYWK36500CE,05-10-2021 10:29,1050
BANKNIFTYWK36500CE,05-10-2021 10:30,1036.05
BANKNIFTYWK36500CE,05-10-2021 10:31,1050
BANKNIFTYWK36500CE,05-10-2021 10:32,1016
BANKNIFTYWK36500CE,05-10-2021 10:35,1000
BANKNIFTYWK36500CE,05-10-2021 10:36,1010.8
BANKNIFTYWK36500CE,05-10-2021 10:37,1008.4
BANKNIFTYWK36500CE,05-10-2021 10:39,1023.95
BANKNIFTYWK36500CE,05-10-2021 10:41,1010
BANKNIFTYWK36500CE,05-10-2021 10:45,1017.7
BANKNIFTYWK36500CE,05-10-2021 10:46,1011.05
BANKNIFTYWK36500CE,05-10-2021 10:47,1012.45
BANKNIFTYWK36500CE,05-10-2021 10:51,1010
BANKNIFTYWK36500CE,05-10-2021 10:52,1002.6
BANKNIFTYWK36500CE,05-10-2021 10:53,1000.65
BANKNIFTYWK36500CE,05-10-2021 10:54,986.15
BANKNIFTYWK36500CE,05-10-2021 10:55,990
BANKNIFTYWK36500CE,05-10-2021 10:56,977.05
BANKNIFTYWK36500CE,05-10-2021 10:57,988
BANKNIFTYWK36500CE,05-10-2021 10:58,996.05
BANKNIFTYWK36500CE,05-10-2021 10:59,1000
BANKNIFTYWK36500CE,05-10-2021 11:00,976
BANKNIFTYWK36500CE,05-10-2021 11:01,975.1
BANKNIFTYWK36500CE,05-10-2021 11:02,972.7
BANKNIFTYWK36500CE,05-10-2021 11:03,967.35
BANKNIFTYWK36500CE,05-10-2021 11:04,955.45
BANKNIFTYWK36500CE,05-10-2021 11:05,973.3
BANKNIFTYWK36500CE,05-10-2021 11:06,971.2
BANKNIFTYWK36500CE,05-10-2021 11:07,983.65
BANKNIFTYWK36500CE,05-10-2021 11:08,989.45
BANKNIFTYWK36500CE,05-10-2021 11:09,982.7
BANKNIFTYWK36500CE,05-10-2021 11:10,983.2
BANKNIFTYWK36500CE,05-10-2021 11:12,983.2
BANKNIFTYWK36500CE,05-10-2021 11:14,990
BANKNIFTYWK36500CE,05-10-2021 11:15,990
BANKNIFTYWK36500CE,05-10-2021 11:16,988.8
BANKNIFTYWK36500CE,05-10-2021 11:19,988.8
BANKNIFTYWK36500CE,05-10-2021 11:22,994
BANKNIFTYWK36500CE,05-10-2021 11:24,990.4
BANKNIFTYWK36500CE,05-10-2021 11:25,990.4
BANKNIFTYWK36500CE,05-10-2021 11:26,990
BANKNIFTYWK36500CE,05-10-2021 11:27,997.25
BANKNIFTYWK36500CE,05-10-2021 11:28,1000.6
BANKNIFTYWK36500CE,05-10-2021 11:29,1002.1
BANKNIFTYWK36500CE,05-10-2021 11:30,1007
BANKNIFTYWK36500CE,05-10-2021 11:31,1008.85
BANKNIFTYWK36500CE,05-10-2021 11:34,1018
BANKNIFTYWK36500CE,05-10-2021 11:35,1020
BANKNIFTYWK36500CE,05-10-2021 11:36,1004.5
BANKNIFTYWK36500CE,05-10-2021 11:37,998
BANKNIFTYWK36500CE,05-10-2021 11:38,988
BANKNIFTYWK36500CE,05-10-2021 11:39,980
BANKNIFTYWK36500CE,05-10-2021 11:40,980
BANKNIFTYWK36500CE,05-10-2021 11:41,979.75
BANKNIFTYWK36500CE,05-10-2021 11:43,989
BANKNIFTYWK36500CE,05-10-2021 11:44,969.8
BANKNIFTYWK36500CE,05-10-2021 11:47,974.35
BANKNIFTYWK36500CE,05-10-2021 11:48,983.4
BANKNIFTYWK36500CE,05-10-2021 11:49,990
BANKNIFTYWK36500CE,05-10-2021 11:50,993.75
BANKNIFTYWK36500CE,05-10-2021 11:51,988.9
BANKNIFTYWK36500CE,05-10-2021 11:54,972.8
BANKNIFTYWK36500CE,05-10-2021 11:55,966.3
BANKNIFTYWK36500CE,05-10-2021 11:56,965.9
BANKNIFTYWK36500CE,05-10-2021 11:59,988.2
BANKNIFTYWK36500CE,05-10-2021 12:01,988.2
BANKNIFTYWK36500CE,05-10-2021 12:02,994.55
BANKNIFTYWK36500CE,05-10-2021 12:04,998
BANKNIFTYWK36500CE,05-10-2021 12:07,996.1
BANKNIFTYWK36500CE,05-10-2021 12:09,998
BANKNIFTYWK36500CE,05-10-2021 12:10,994.2
BANKNIFTYWK36500CE,05-10-2021 12:11,994
BANKNIFTYWK36500CE,05-10-2021 12:12,1000
BANKNIFTYWK36500CE,05-10-2021 12:13,999
BANKNIFTYWK36500CE,05-10-2021 12:14,999
BANKNIFTYWK36500CE,05-10-2021 12:15,1000.65
BANKNIFTYWK36500CE,05-10-2021 12:16,1010
BANKNIFTYWK36500CE,05-10-2021 12:18,1014.9
BANKNIFTYWK36500CE,05-10-2021 12:19,998
BANKNIFTYWK36500CE,05-10-2021 12:20,1004.95
BANKNIFTYWK36500CE,05-10-2021 12:21,994.5
BANKNIFTYWK36500CE,05-10-2021 12:22,993
BANKNIFTYWK36500CE,05-10-2021 12:24,1002.25
BANKNIFTYWK36500CE,05-10-2021 12:27,991.7
BANKNIFTYWK36500CE,05-10-2021 12:28,994.15
BANKNIFTYWK36500CE,05-10-2021 12:29,1015
BANKNIFTYWK36500CE,05-10-2021 12:31,1006.7
BANKNIFTYWK36500CE,05-10-2021 12:32,1006.7
BANKNIFTYWK36500CE,05-10-2021 12:33,1011.45
BANKNIFTYWK36500CE,05-10-2021 12:34,1011.45
BANKNIFTYWK36500CE,05-10-2021 12:35,1010
BANKNIFTYWK36500CE,05-10-2021 12:36,1005
BANKNIFTYWK36500CE,05-10-2021 12:37,1005
BANKNIFTYWK36500CE,05-10-2021 12:39,1016
BANKNIFTYWK36500CE,05-10-2021 12:40,1025.35
BANKNIFTYWK36500CE,05-10-2021 12:41,1054
BANKNIFTYWK36500CE,05-10-2021 12:42,1056.25
BANKNIFTYWK36500CE,05-10-2021 12:43,1059.75
BANKNIFTYWK36500CE,05-10-2021 12:44,1077
BANKNIFTYWK36500CE,05-10-2021 12:45,1067.95
BANKNIFTYWK36500CE,05-10-2021 12:46,1060
BANKNIFTYWK36500CE,05-10-2021 12:47,1061.7
BANKNIFTYWK36500CE,05-10-2021 12:48,1059.3
BANKNIFTYWK36500CE,05-10-2021 12:49,1055
BANKNIFTYWK36500CE,05-10-2021 12:50,1073.75
BANKNIFTYWK36500CE,05-10-2021 12:51,1093.6
BANKNIFTYWK36500CE,05-10-2021 12:52,1107.5
BANKNIFTYWK36500CE,05-10-2021 12:53,1107.75
BANKNIFTYWK36500CE,05-10-2021 12:54,1112
BANKNIFTYWK36500CE,05-10-2021 12:55,1111.25
BANKNIFTYWK36500CE,05-10-2021 12:56,1123
BANKNIFTYWK36500CE,05-10-2021 12:57,1127.4
BANKNIFTYWK36500CE,05-10-2021 12:58,1180
BANKNIFTYWK36500CE,05-10-2021 12:59,1185.9
BANKNIFTYWK36500CE,05-10-2021 13:00,1228.85
BANKNIFTYWK36500CE,05-10-2021 13:01,1204.1
BANKNIFTYWK36500CE,05-10-2021 13:02,1187.4
BANKNIFTYWK36500CE,05-10-2021 13:03,1191.45
BANKNIFTYWK36500CE,05-10-2021 13:04,1194.7
BANKNIFTYWK36500CE,05-10-2021 13:05,1160
BANKNIFTYWK36500CE,05-10-2021 13:06,1174.95
BANKNIFTYWK36500CE,05-10-2021 13:07,1191.2
BANKNIFTYWK36500CE,05-10-2021 13:08,1191.2
BANKNIFTYWK36500CE,05-10-2021 13:09,1205.15
BANKNIFTYWK36500CE,05-10-2021 13:10,1191.3
BANKNIFTYWK36500CE,05-10-2021 13:11,1198.15
BANKNIFTYWK36500CE,05-10-2021 13:12,1200
BANKNIFTYWK36500CE,05-10-2021 13:13,1192.1
BANKNIFTYWK36500CE,05-10-2021 13:14,1216.05
BANKNIFTYWK36500CE,05-10-2021 13:15,1216.05
BANKNIFTYWK36500CE,05-10-2021 13:17,1198.85
BANKNIFTYWK36500CE,05-10-2021 13:21,1201.4
BANKNIFTYWK36500CE,05-10-2021 13:22,1197.4
BANKNIFTYWK36500CE,05-10-2021 13:23,1197.4
BANKNIFTYWK36500CE,05-10-2021 13:25,1202.6
BANKNIFTYWK36500CE,05-10-2021 13:26,1180.3
BANKNIFTYWK36500CE,05-10-2021 13:27,1180
BANKNIFTYWK36500CE,05-10-2021 13:28,1180
BANKNIFTYWK36500CE,05-10-2021 13:29,1196
BANKNIFTYWK36500CE,05-10-2021 13:30,1207
BANKNIFTYWK36500CE,05-10-2021 13:31,1230
BANKNIFTYWK36500CE,05-10-2021 13:32,1240
BANKNIFTYWK36500CE,05-10-2021 13:34,1234.5
BANKNIFTYWK36500CE,05-10-2021 13:35,1234.5
BANKNIFTYWK36500CE,05-10-2021 13:36,1229.1
BANKNIFTYWK36500CE,05-10-2021 13:37,1230
BANKNIFTYWK36500CE,05-10-2021 13:38,1236
BANKNIFTYWK36500CE,05-10-2021 13:39,1230.25
BANKNIFTYWK36500CE,05-10-2021 13:40,1218.2
BANKNIFTYWK36500CE,05-10-2021 13:41,1209.7
BANKNIFTYWK36500CE,05-10-2021 13:43,1223.2
BANKNIFTYWK36500CE,05-10-2021 13:44,1230
BANKNIFTYWK36500CE,05-10-2021 13:45,1230
BANKNIFTYWK36500CE,05-10-2021 13:46,1225
BANKNIFTYWK36500CE,05-10-2021 13:48,1212.55
BANKNIFTYWK36500CE,05-10-2021 13:50,1212.55
BANKNIFTYWK36500CE,05-10-2021 13:51,1192.9
BANKNIFTYWK36500CE,05-10-2021 13:52,1188.05
BANKNIFTYWK36500CE,05-10-2021 13:53,1186.8
BANKNIFTYWK36500CE,05-10-2021 13:54,1186.8
BANKNIFTYWK36500CE,05-10-2021 13:56,1182.35
BANKNIFTYWK36500CE,05-10-2021 13:57,1182.35
BANKNIFTYWK36500CE,05-10-2021 13:58,1180
BANKNIFTYWK36500CE,05-10-2021 14:01,1196.45
BANKNIFTYWK36500CE,05-10-2021 14:02,1196.45
BANKNIFTYWK36500CE,05-10-2021 14:03,1184.8
BANKNIFTYWK36500CE,05-10-2021 14:04,1197.35
BANKNIFTYWK36500CE,05-10-2021 14:05,1201.85
BANKNIFTYWK36500CE,05-10-2021 14:07,1204.25
BANKNIFTYWK36500CE,05-10-2021 14:08,1220
BANKNIFTYWK36500CE,05-10-2021 14:09,1219.8
BANKNIFTYWK36500CE,05-10-2021 14:10,1210
BANKNIFTYWK36500CE,05-10-2021 14:12,1222
BANKNIFTYWK36500CE,05-10-2021 14:14,1231
BANKNIFTYWK36500CE,05-10-2021 14:15,1228.1
BANKNIFTYWK36500CE,05-10-2021 14:16,1235.35
BANKNIFTYWK36500CE,05-10-2021 14:17,1208.85
BANKNIFTYWK36500CE,05-10-2021 14:18,1208.1
BANKNIFTYWK36500CE,05-10-2021 14:19,1198.25
BANKNIFTYWK36500CE,05-10-2021 14:20,1204.7
BANKNIFTYWK36500CE,05-10-2021 14:22,1217.25
BANKNIFTYWK36500CE,05-10-2021 14:23,1210.95
BANKNIFTYWK36500CE,05-10-2021 14:24,1210
BANKNIFTYWK36500CE,05-10-2021 14:25,1196.95
BANKNIFTYWK36500CE,05-10-2021 14:26,1218.95
BANKNIFTYWK36500CE,05-10-2021 14:30,1218.95
BANKNIFTYWK36500CE,05-10-2021 14:32,1215.4
BANKNIFTYWK36500CE,05-10-2021 14:33,1204.3
BANKNIFTYWK36500CE,05-10-2021 14:35,1213.25
BANKNIFTYWK36500CE,05-10-2021 14:37,1205
BANKNIFTYWK36500CE,05-10-2021 14:38,1210
BANKNIFTYWK36500CE,05-10-2021 14:39,1275.3
BANKNIFTYWK36500CE,05-10-2021 14:40,1296.75
BANKNIFTYWK36500CE,05-10-2021 14:41,1295
BANKNIFTYWK36500CE,05-10-2021 14:42,1308
BANKNIFTYWK36500CE,05-10-2021 14:43,1312.5
BANKNIFTYWK36500CE,05-10-2021 14:44,1312
BANKNIFTYWK36500CE,05-10-2021 14:45,1311.7
BANKNIFTYWK36500CE,05-10-2021 14:46,1296.85
BANKNIFTYWK36500CE,05-10-2021 14:47,1302
BANKNIFTYWK36500CE,05-10-2021 14:48,1298.65
BANKNIFTYWK36500CE,05-10-2021 14:50,1290.15
BANKNIFTYWK36500CE,05-10-2021 14:51,1289.75
BANKNIFTYWK36500CE,05-10-2021 14:52,1294.3
BANKNIFTYWK36500CE,05-10-2021 14:53,1291.1
BANKNIFTYWK36500CE,05-10-2021 14:54,1285
BANKNIFTYWK36500CE,05-10-2021 14:55,1275.75
BANKNIFTYWK36500CE,05-10-2021 14:56,1279.25
BANKNIFTYWK36500CE,05-10-2021 14:57,1280
BANKNIFTYWK36500CE,05-10-2021 14:58,1282.3
BANKNIFTYWK36500CE,05-10-2021 14:59,1282.3
BANKNIFTYWK36500CE,05-10-2021 15:00,1278.35
BANKNIFTYWK36500CE,05-10-2021 15:01,1255.65
BANKNIFTYWK36500CE,05-10-2021 15:02,1252.55
BANKNIFTYWK36500CE,05-10-2021 15:03,1289.15
BANKNIFTYWK36500CE,05-10-2021 15:04,1277
BANKNIFTYWK36500CE,05-10-2021 15:05,1271.1
BANKNIFTYWK36500CE,05-10-2021 15:06,1266.35
BANKNIFTYWK36500CE,05-10-2021 15:07,1261.25
BANKNIFTYWK36500CE,05-10-2021 15:08,1261.7
BANKNIFTYWK36500CE,05-10-2021 15:09,1285.65
BANKNIFTYWK36500CE,05-10-2021 15:10,1290
BANKNIFTYWK36500CE,05-10-2021 15:12,1290
BANKNIFTYWK36500CE,05-10-2021 15:13,1278.8
BANKNIFTYWK36500CE,05-10-2021 15:14,1275.05
BANKNIFTYWK36500CE,05-10-2021 15:17,1265
BANKNIFTYWK36500CE,05-10-2021 15:18,1269.05
BANKNIFTYWK36500CE,05-10-2021 15:20,1283.5
BANKNIFTYWK36500CE,05-10-2021 15:21,1274.1
BANKNIFTYWK36500CE,05-10-2021 15:22,1272.4
BANKNIFTYWK36500CE,05-10-2021 15:24,1266.45
BANKNIFTYWK36500CE,05-10-2021 15:25,1263.75
BANKNIFTYWK36500CE,05-10-2021 15:26,1268.6
BANKNIFTYWK36500CE,05-10-2021 15:27,1267.55
BANKNIFTYWK36500CE,05-10-2021 15:28,1268.35
BANKNIFTYWK36500CE,05-10-2021 15:29,1262
BANKNIFTYWK36500CE,06-10-2021 09:15,1264.6
BANKNIFTYWK36500CE,06-10-2021 09:16,1339.9
BANKNIFTYWK36500CE,06-10-2021 09:17,1344.25
BANKNIFTYWK36500CE,06-10-2021 09:18,1358.2
BANKNIFTYWK36500CE,06-10-2021 09:19,1348.7
BANKNIFTYWK36500CE,06-10-2021 09:20,1358.4
BANKNIFTYWK36500CE,06-10-2021 09:21,1378.65
BANKNIFTYWK36500CE,06-10-2021 09:22,1372.75
BANKNIFTYWK36500CE,06-10-2021 09:23,1373.45
BANKNIFTYWK36500CE,06-10-2021 09:24,1372.15
BANKNIFTYWK36500CE,06-10-2021 09:25,1360.95
BANKNIFTYWK36500CE,06-10-2021 09:26,1364.3
BANKNIFTYWK36500CE,06-10-2021 09:27,1374.45
BANKNIFTYWK36500CE,06-10-2021 09:28,1396.4
BANKNIFTYWK36500CE,06-10-2021 09:30,1371.05
BANKNIFTYWK36500CE,06-10-2021 09:32,1398.25
BANKNIFTYWK36500CE,06-10-2021 09:33,1405.7
BANKNIFTYWK36500CE,06-10-2021 09:34,1413.95
BANKNIFTYWK36500CE,06-10-2021 09:35,1410.55
BANKNIFTYWK36500CE,06-10-2021 09:36,1406.2
BANKNIFTYWK36500CE,06-10-2021 09:37,1407
BANKNIFTYWK36500CE,06-10-2021 09:39,1408
BANKNIFTYWK36500CE,06-10-2021 09:40,1420.65
BANKNIFTYWK36500CE,06-10-2021 09:41,1432
BANKNIFTYWK36500CE,06-10-2021 09:42,1430.7
BANKNIFTYWK36500CE,06-10-2021 09:43,1420
BANKNIFTYWK36500CE,06-10-2021 09:44,1390.55
BANKNIFTYWK36500CE,06-10-2021 09:45,1390.55
BANKNIFTYWK36500CE,06-10-2021 09:46,1391.55
BANKNIFTYWK36500CE,06-10-2021 09:47,1392
BANKNIFTYWK36500CE,06-10-2021 09:51,1386
BANKNIFTYWK36500CE,06-10-2021 09:55,1439.65
BANKNIFTYWK36500CE,06-10-2021 09:56,1450
BANKNIFTYWK36500CE,06-10-2021 09:58,1490
BANKNIFTYWK36500CE,06-10-2021 09:59,1500
BANKNIFTYWK36500CE,06-10-2021 10:00,1526.05
BANKNIFTYWK36500CE,06-10-2021 10:01,1505.55
BANKNIFTYWK36500CE,06-10-2021 10:02,1498.85
BANKNIFTYWK36500CE,06-10-2021 10:03,1511
BANKNIFTYWK36500CE,06-10-2021 10:04,1556.05
BANKNIFTYWK36500CE,06-10-2021 10:05,1545.05
BANKNIFTYWK36500CE,06-10-2021 10:06,1533.15
BANKNIFTYWK36500CE,06-10-2021 10:08,1533.4
BANKNIFTYWK36500CE,06-10-2021 10:09,1524.7
BANKNIFTYWK36500CE,06-10-2021 10:10,1540.65
BANKNIFTYWK36500CE,06-10-2021 10:11,1530.4
BANKNIFTYWK36500CE,06-10-2021 10:14,1501
BANKNIFTYWK36500CE,06-10-2021 10:15,1477.5
BANKNIFTYWK36500CE,06-10-2021 10:16,1465
BANKNIFTYWK36500CE,06-10-2021 10:17,1450
BANKNIFTYWK36500CE,06-10-2021 10:18,1427.6
BANKNIFTYWK36500CE,06-10-2021 10:20,1381.1
BANKNIFTYWK36500CE,06-10-2021 10:21,1411.4
BANKNIFTYWK36500CE,06-10-2021 10:22,1403.75
BANKNIFTYWK36500CE,06-10-2021 10:23,1404.2
BANKNIFTYWK36500CE,06-10-2021 10:24,1426
BANKNIFTYWK36500CE,06-10-2021 10:25,1427
BANKNIFTYWK36500CE,06-10-2021 10:26,1447
BANKNIFTYWK36500CE,06-10-2021 10:27,1452
BANKNIFTYWK36500CE,06-10-2021 10:29,1456.5
BANKNIFTYWK36500CE,06-10-2021 10:30,1423
BANKNIFTYWK36500CE,06-10-2021 10:31,1451.85
BANKNIFTYWK36500CE,06-10-2021 10:32,1472.15
BANKNIFTYWK36500CE,06-10-2021 10:34,1467
BANKNIFTYWK36500CE,06-10-2021 10:36,1433
BANKNIFTYWK36500CE,06-10-2021 10:39,1460
BANKNIFTYWK36500CE,06-10-2021 10:41,1472.15
BANKNIFTYWK36500CE,06-10-2021 10:42,1461.35
BANKNIFTYWK36500CE,06-10-2021 10:44,1472.25
BANKNIFTYWK36500CE,06-10-2021 10:45,1496.95
BANKNIFTYWK36500CE,06-10-2021 10:47,1473
BANKNIFTYWK36500CE,06-10-2021 10:50,1473
BANKNIFTYWK36500CE,06-10-2021 10:51,1460
BANKNIFTYWK36500CE,06-10-2021 10:53,1433
BANKNIFTYWK36500CE,06-10-2021 10:56,1454.95
BANKNIFTYWK36500CE,06-10-2021 10:57,1458.7
BANKNIFTYWK36500CE,06-10-2021 11:00,1445
BANKNIFTYWK36500CE,06-10-2021 11:01,1439.4
BANKNIFTYWK36500CE,06-10-2021 11:02,1429
BANKNIFTYWK36500CE,06-10-2021 11:03,1437.95
BANKNIFTYWK36500CE,06-10-2021 11:07,1423
BANKNIFTYWK36500CE,06-10-2021 11:08,1420.7
BANKNIFTYWK36500CE,06-10-2021 11:10,1425
BANKNIFTYWK36500CE,06-10-2021 11:20,1452
BANKNIFTYWK36500CE,06-10-2021 11:26,1459.9
BANKNIFTYWK36500CE,06-10-2021 11:27,1460.45
BANKNIFTYWK36500CE,06-10-2021 11:29,1468.3
BANKNIFTYWK36500CE,06-10-2021 11:30,1469.75
BANKNIFTYWK36500CE,06-10-2021 11:42,1485
BANKNIFTYWK36500CE,06-10-2021 11:43,1489.05
BANKNIFTYWK36500CE,06-10-2021 11:54,1530
BANKNIFTYWK36500CE,06-10-2021 11:55,1554.5
BANKNIFTYWK36500CE,06-10-2021 11:56,1556.25
BANKNIFTYWK36500CE,06-10-2021 11:57,1533.45
BANKNIFTYWK36500CE,06-10-2021 12:00,1543
BANKNIFTYWK36500CE,06-10-2021 12:02,1516.85
BANKNIFTYWK36500CE,06-10-2021 12:07,1550
BANKNIFTYWK36500CE,06-10-2021 12:08,1579.1
BANKNIFTYWK36500CE,06-10-2021 12:09,1591.65
BANKNIFTYWK36500CE,06-10-2021 12:10,1579.1
BANKNIFTYWK36500CE,06-10-2021 12:11,1575
BANKNIFTYWK36500CE,06-10-2021 12:13,1570
BANKNIFTYWK36500CE,06-10-2021 12:16,1560
BANKNIFTYWK36500CE,06-10-2021 12:17,1559.95
BANKNIFTYWK36500CE,06-10-2021 12:19,1566.85
BANKNIFTYWK36500CE,06-10-2021 12:22,1600
BANKNIFTYWK36500CE,06-10-2021 12:23,1584.75
BANKNIFTYWK36500CE,06-10-2021 12:26,1593.5
BANKNIFTYWK36500CE,06-10-2021 12:27,1585
BANKNIFTYWK36500CE,06-10-2021 12:29,1580
BANKNIFTYWK36500CE,06-10-2021 12:30,1570
BANKNIFTYWK36500CE,06-10-2021 12:32,1575
BANKNIFTYWK36500CE,06-10-2021 12:34,1570.1
BANKNIFTYWK36500CE,06-10-2021 12:35,1510
BANKNIFTYWK36500CE,06-10-2021 12:36,1506
BANKNIFTYWK36500CE,06-10-2021 12:37,1525
BANKNIFTYWK36500CE,06-10-2021 12:38,1506
BANKNIFTYWK36500CE,06-10-2021 12:41,1521.1
BANKNIFTYWK36500CE,06-10-2021 12:44,1550
BANKNIFTYWK36500CE,06-10-2021 12:48,1512.15
BANKNIFTYWK36500CE,06-10-2021 12:49,1478
BANKNIFTYWK36500CE,06-10-2021 12:50,1491.45
BANKNIFTYWK36500CE,06-10-2021 12:51,1469.25
BANKNIFTYWK36500CE,06-10-2021 12:52,1475
BANKNIFTYWK36500CE,06-10-2021 12:53,1487
BANKNIFTYWK36500CE,06-10-2021 12:55,1489.65
BANKNIFTYWK36500CE,06-10-2021 12:58,1498.9
BANKNIFTYWK36500CE,06-10-2021 12:59,1495.55
BANKNIFTYWK36500CE,06-10-2021 13:01,1489.65
BANKNIFTYWK36500CE,06-10-2021 13:02,1470
BANKNIFTYWK36500CE,06-10-2021 13:03,1451.25
BANKNIFTYWK36500CE,06-10-2021 13:05,1447.15
BANKNIFTYWK36500CE,06-10-2021 13:08,1423.4
BANKNIFTYWK36500CE,06-10-2021 13:09,1436.65
BANKNIFTYWK36500CE,06-10-2021 13:12,1395
BANKNIFTYWK36500CE,06-10-2021 13:14,1391.55
BANKNIFTYWK36500CE,06-10-2021 13:15,1385
BANKNIFTYWK36500CE,06-10-2021 13:16,1385
BANKNIFTYWK36500CE,06-10-2021 13:17,1367.35
BANKNIFTYWK36500CE,06-10-2021 13:18,1279.9
BANKNIFTYWK36500CE,06-10-2021 13:19,1241
BANKNIFTYWK36500CE,06-10-2021 13:20,1289.9
BANKNIFTYWK36500CE,06-10-2021 13:21,1274.65
BANKNIFTYWK36500CE,06-10-2021 13:22,1295.45
BANKNIFTYWK36500CE,06-10-2021 13:23,1300
BANKNIFTYWK36500CE,06-10-2021 13:24,1350.55
BANKNIFTYWK36500CE,06-10-2021 13:25,1328.85
BANKNIFTYWK36500CE,06-10-2021 13:26,1340.4
BANKNIFTYWK36500CE,06-10-2021 13:28,1353.15
BANKNIFTYWK36500CE,06-10-2021 13:29,1378.4
BANKNIFTYWK36500CE,06-10-2021 13:30,1353.7
BANKNIFTYWK36500CE,06-10-2021 13:31,1317.3
BANKNIFTYWK36500CE,06-10-2021 13:32,1319.15
BANKNIFTYWK36500CE,06-10-2021 13:33,1326.05
BANKNIFTYWK36500CE,06-10-2021 13:34,1291.55
BANKNIFTYWK36500CE,06-10-2021 13:37,1291.55
BANKNIFTYWK36500CE,06-10-2021 13:39,1241.65
BANKNIFTYWK36500CE,06-10-2021 13:40,1259.15
BANKNIFTYWK36500CE,06-10-2021 13:41,1290.25
BANKNIFTYWK36500CE,06-10-2021 13:43,1279.3
BANKNIFTYWK36500CE,06-10-2021 13:44,1287.85
BANKNIFTYWK36500CE,06-10-2021 13:49,1294
BANKNIFTYWK36500CE,06-10-2021 13:50,1290
BANKNIFTYWK36500CE,06-10-2021 13:56,1290
BANKNIFTYWK36500CE,06-10-2021 13:58,1337.75
BANKNIFTYWK36500CE,06-10-2021 14:01,1345
BANKNIFTYWK36500CE,06-10-2021 14:02,1348.95
BANKNIFTYWK36500CE,06-10-2021 14:03,1355.9
BANKNIFTYWK36500CE,06-10-2021 14:04,1357
BANKNIFTYWK36500CE,06-10-2021 14:05,1343.35
BANKNIFTYWK36500CE,06-10-2021 14:07,1342
BANKNIFTYWK36500CE,06-10-2021 14:13,1288
BANKNIFTYWK36500CE,06-10-2021 14:14,1288
BANKNIFTYWK36500CE,06-10-2021 14:15,1288
BANKNIFTYWK36500CE,06-10-2021 14:17,1207.2
BANKNIFTYWK36500CE,06-10-2021 14:18,1200
BANKNIFTYWK36500CE,06-10-2021 14:19,1166.35
BANKNIFTYWK36500CE,06-10-2021 14:20,1184.6
BANKNIFTYWK36500CE,06-10-2021 14:21,1171.45
BANKNIFTYWK36500CE,06-10-2021 14:22,1152.25
BANKNIFTYWK36500CE,06-10-2021 14:23,1147.3
BANKNIFTYWK36500CE,06-10-2021 14:24,1161.15
BANKNIFTYWK36500CE,06-10-2021 14:26,1191.15
BANKNIFTYWK36500CE,06-10-2021 14:27,1199.85
BANKNIFTYWK36500CE,06-10-2021 14:28,1200.7
BANKNIFTYWK36500CE,06-10-2021 14:29,1200.7
BANKNIFTYWK36500CE,06-10-2021 14:30,1128.5
BANKNIFTYWK36500CE,06-10-2021 14:31,1141
BANKNIFTYWK36500CE,06-10-2021 14:32,1145.75
BANKNIFTYWK36500CE,06-10-2021 14:33,1106.9
BANKNIFTYWK36500CE,06-10-2021 14:34,1106.9
BANKNIFTYWK36500CE,06-10-2021 14:35,1080
BANKNIFTYWK36500CE,06-10-2021 14:36,1088.4
BANKNIFTYWK36500CE,06-10-2021 14:37,1117.3
BANKNIFTYWK36500CE,06-10-2021 14:38,1107
BANKNIFTYWK36500CE,06-10-2021 14:39,1118.7
BANKNIFTYWK36500CE,06-10-2021 14:40,1090.6
BANKNIFTYWK36500CE,06-10-2021 14:41,1080
BANKNIFTYWK36500CE,06-10-2021 14:42,1080
BANKNIFTYWK36500CE,06-10-2021 14:43,1088.9
BANKNIFTYWK36500CE,06-10-2021 14:44,1080.05
BANKNIFTYWK36500CE,06-10-2021 14:45,1062.3
BANKNIFTYWK36500CE,06-10-2021 14:46,1044
BANKNIFTYWK36500CE,06-10-2021 14:47,1043.65
BANKNIFTYWK36500CE,06-10-2021 14:48,1035.4
BANKNIFTYWK36500CE,06-10-2021 14:49,1044.7
BANKNIFTYWK36500CE,06-10-2021 14:50,1040
BANKNIFTYWK36500CE,06-10-2021 14:51,1049
BANKNIFTYWK36500CE,06-10-2021 14:52,1044.45
BANKNIFTYWK36500CE,06-10-2021 14:54,1029.05
BANKNIFTYWK36500CE,06-10-2021 14:55,1029.05
BANKNIFTYWK36500CE,06-10-2021 14:56,1034.2
BANKNIFTYWK36500CE,06-10-2021 14:57,1027.85
BANKNIFTYWK36500CE,06-10-2021 14:58,1004.85
BANKNIFTYWK36500CE,06-10-2021 14:59,1036.95
BANKNIFTYWK36500CE,06-10-2021 15:00,1060
BANKNIFTYWK36500CE,06-10-2021 15:01,1065
BANKNIFTYWK36500CE,06-10-2021 15:02,1071.35
BANKNIFTYWK36500CE,06-10-2021 15:03,1092.9
BANKNIFTYWK36500CE,06-10-2021 15:04,1110
BANKNIFTYWK36500CE,06-10-2021 15:05,1083
BANKNIFTYWK36500CE,06-10-2021 15:08,1042.15
BANKNIFTYWK36500CE,06-10-2021 15:09,1037.8
BANKNIFTYWK36500CE,06-10-2021 15:10,1039
BANKNIFTYWK36500CE,06-10-2021 15:11,1044.45
BANKNIFTYWK36500CE,06-10-2021 15:12,1044.45
BANKNIFTYWK36500CE,06-10-2021 15:13,1027.45
BANKNIFTYWK36500CE,06-10-2021 15:14,1023.8
BANKNIFTYWK36500CE,06-10-2021 15:15,1037.7
BANKNIFTYWK36500CE,06-10-2021 15:16,1037.85
BANKNIFTYWK36500CE,06-10-2021 15:17,1032
BANKNIFTYWK36500CE,06-10-2021 15:18,1031.55
BANKNIFTYWK36500CE,06-10-2021 15:19,1020.2
BANKNIFTYWK36500CE,06-10-2021 15:20,1061.25
BANKNIFTYWK36500CE,06-10-2021 15:21,1036.65
BANKNIFTYWK36500CE,06-10-2021 15:22,1036.65
BANKNIFTYWK36500CE,06-10-2021 15:23,1046.35
BANKNIFTYWK36500CE,06-10-2021 15:24,1046.35
BANKNIFTYWK36500CE,06-10-2021 15:25,1023.7
BANKNIFTYWK36500CE,06-10-2021 15:26,1019.05
BANKNIFTYWK36500CE,06-10-2021 15:27,1009.75
BANKNIFTYWK36500CE,06-10-2021 15:28,1006.5
BANKNIFTYWK36500CE,06-10-2021 15:29,996.55
BANKNIFTYWK36500CE,07-10-2021 09:15,1305
BANKNIFTYWK36500CE,07-10-2021 09:16,1350
BANKNIFTYWK36500CE,07-10-2021 09:17,1345.8
BANKNIFTYWK36500CE,07-10-2021 09:20,1350.5
BANKNIFTYWK36500CE,07-10-2021 09:21,1347.05
BANKNIFTYWK36500CE,07-10-2021 09:22,1336.85
BANKNIFTYWK36500CE,07-10-2021 09:24,1283.45
BANKNIFTYWK36500CE,07-10-2021 09:25,1286.55
BANKNIFTYWK36500CE,07-10-2021 09:27,1331.7
BANKNIFTYWK36500CE,07-10-2021 09:28,1330.9
BANKNIFTYWK36500CE,07-10-2021 09:29,1351
BANKNIFTYWK36500CE,07-10-2021 09:30,1335.2
BANKNIFTYWK36500CE,07-10-2021 09:31,1347.75
BANKNIFTYWK36500CE,07-10-2021 09:34,1370.1
BANKNIFTYWK36500CE,07-10-2021 09:35,1341.8
BANKNIFTYWK36500CE,07-10-2021 09:36,1341.95
BANKNIFTYWK36500CE,07-10-2021 09:37,1341
BANKNIFTYWK36500CE,07-10-2021 09:38,1348
BANKNIFTYWK36500CE,07-10-2021 09:39,1340.75
BANKNIFTYWK36500CE,07-10-2021 09:42,1340.75
BANKNIFTYWK36500CE,07-10-2021 09:43,1335.1
BANKNIFTYWK36500CE,07-10-2021 09:44,1349.95
BANKNIFTYWK36500CE,07-10-2021 09:45,1349.8
BANKNIFTYWK36500CE,07-10-2021 09:46,1350
BANKNIFTYWK36500CE,07-10-2021 09:47,1281.45
BANKNIFTYWK36500CE,07-10-2021 09:48,1356.35
BANKNIFTYWK36500CE,07-10-2021 09:51,1335.7
BANKNIFTYWK36500CE,07-10-2021 09:52,1345.3
BANKNIFTYWK36500CE,07-10-2021 09:53,1350
BANKNIFTYWK36500CE,07-10-2021 09:55,1342.5
BANKNIFTYWK36500CE,07-10-2021 09:56,1348.9
BANKNIFTYWK36500CE,07-10-2021 09:57,1343.1
BANKNIFTYWK36500CE,07-10-2021 09:58,1325.1
BANKNIFTYWK36500CE,07-10-2021 09:59,1325.45
BANKNIFTYWK36500CE,07-10-2021 10:00,1311.4
BANKNIFTYWK36500CE,07-10-2021 10:01,1291.2
BANKNIFTYWK36500CE,07-10-2021 10:06,1289.45
BANKNIFTYWK36500CE,07-10-2021 10:07,1301.85
BANKNIFTYWK36500CE,07-10-2021 10:09,1321
BANKNIFTYWK36500CE,07-10-2021 10:12,1315.25
BANKNIFTYWK36500CE,07-10-2021 10:15,1285.8
BANKNIFTYWK36500CE,07-10-2021 10:22,1285.9
BANKNIFTYWK36500CE,07-10-2021 10:24,1272.15
BANKNIFTYWK36500CE,07-10-2021 10:25,1255.95
BANKNIFTYWK36500CE,07-10-2021 10:27,1261
BANKNIFTYWK36500CE,07-10-2021 10:30,1292.7
BANKNIFTYWK36500CE,07-10-2021 10:31,1312.7
BANKNIFTYWK36500CE,07-10-2021 10:32,1289
BANKNIFTYWK36500CE,07-10-2021 10:34,1289
BANKNIFTYWK36500CE,07-10-2021 10:39,1317.25
BANKNIFTYWK36500CE,07-10-2021 10:42,1320
BANKNIFTYWK36500CE,07-10-2021 10:45,1312.6
BANKNIFTYWK36500CE,07-10-2021 10:46,1312.6
BANKNIFTYWK36500CE,07-10-2021 10:49,1300.45
BANKNIFTYWK36500CE,07-10-2021 10:54,1306
BANKNIFTYWK36500CE,07-10-2021 10:55,1306
BANKNIFTYWK36500CE,07-10-2021 10:59,1305.65
BANKNIFTYWK36500CE,07-10-2021 11:06,1300
BANKNIFTYWK36500CE,07-10-2021 11:07,1300
BANKNIFTYWK36500CE,07-10-2021 11:11,1308.75
BANKNIFTYWK36500CE,07-10-2021 11:12,1305
BANKNIFTYWK36500CE,07-10-2021 11:15,1298
BANKNIFTYWK36500CE,07-10-2021 11:23,1282.2
BANKNIFTYWK36500CE,07-10-2021 11:25,1283
BANKNIFTYWK36500CE,07-10-2021 11:27,1300
BANKNIFTYWK36500CE,07-10-2021 11:28,1211.2
BANKNIFTYWK36500CE,07-10-2021 11:29,1220
BANKNIFTYWK36500CE,07-10-2021 11:31,1243.95
BANKNIFTYWK36500CE,07-10-2021 11:33,1240
BANKNIFTYWK36500CE,07-10-2021 11:38,1238.75
BANKNIFTYWK36500CE,07-10-2021 11:40,1264.25
BANKNIFTYWK36500CE,07-10-2021 11:43,1255.5
BANKNIFTYWK36500CE,07-10-2021 11:45,1307.6
BANKNIFTYWK36500CE,07-10-2021 11:48,1305.2
BANKNIFTYWK36500CE,07-10-2021 11:50,1308.6
BANKNIFTYWK36500CE,07-10-2021 11:51,1308.6
BANKNIFTYWK36500CE,07-10-2021 11:53,1348.15
BANKNIFTYWK36500CE,07-10-2021 11:54,1348.15
BANKNIFTYWK36500CE,07-10-2021 11:55,1363.5
BANKNIFTYWK36500CE,07-10-2021 11:56,1358.25
BANKNIFTYWK36500CE,07-10-2021 11:57,1363.25
BANKNIFTYWK36500CE,07-10-2021 11:58,1366
BANKNIFTYWK36500CE,07-10-2021 12:01,1374.55
BANKNIFTYWK36500CE,07-10-2021 12:05,1374.55
BANKNIFTYWK36500CE,07-10-2021 12:06,1388
BANKNIFTYWK36500CE,07-10-2021 12:07,1388.25
BANKNIFTYWK36500CE,07-10-2021 12:09,1388.25
BANKNIFTYWK36500CE,07-10-2021 12:11,1373.45
BANKNIFTYWK36500CE,07-10-2021 12:12,1373.45
BANKNIFTYWK36500CE,07-10-2021 12:15,1365.05
BANKNIFTYWK36500CE,07-10-2021 12:16,1368
BANKNIFTYWK36500CE,07-10-2021 12:17,1358.9
BANKNIFTYWK36500CE,07-10-2021 12:18,1343.9
BANKNIFTYWK36500CE,07-10-2021 12:20,1358.1
BANKNIFTYWK36500CE,07-10-2021 12:22,1370
BANKNIFTYWK36500CE,07-10-2021 12:23,1370
BANKNIFTYWK36500CE,07-10-2021 12:27,1374.9
BANKNIFTYWK36500CE,07-10-2021 12:30,1394.7
BANKNIFTYWK36500CE,07-10-2021 12:33,1411.55
BANKNIFTYWK36500CE,07-10-2021 12:34,1418
BANKNIFTYWK36500CE,07-10-2021 12:36,1410
BANKNIFTYWK36500CE,07-10-2021 12:41,1398
BANKNIFTYWK36500CE,07-10-2021 12:42,1398
BANKNIFTYWK36500CE,07-10-2021 12:44,1380
BANKNIFTYWK36500CE,07-10-2021 12:45,1395.95
BANKNIFTYWK36500CE,07-10-2021 12:46,1387.75
BANKNIFTYWK36500CE,07-10-2021 12:47,1344.25
BANKNIFTYWK36500CE,07-10-2021 12:48,1340.3
BANKNIFTYWK36500CE,07-10-2021 12:49,1340.65
BANKNIFTYWK36500CE,07-10-2021 12:50,1328.45
BANKNIFTYWK36500CE,07-10-2021 12:52,1356.75
BANKNIFTYWK36500CE,07-10-2021 12:57,1335.45
BANKNIFTYWK36500CE,07-10-2021 13:01,1338
BANKNIFTYWK36500CE,07-10-2021 13:02,1338
BANKNIFTYWK36500CE,07-10-2021 13:07,1333.5
BANKNIFTYWK36500CE,07-10-2021 13:10,1348.45
BANKNIFTYWK36500CE,07-10-2021 13:11,1360
BANKNIFTYWK36500CE,07-10-2021 13:12,1377.05
BANKNIFTYWK36500CE,07-10-2021 13:16,1384.8
BANKNIFTYWK36500CE,07-10-2021 13:19,1400.05
BANKNIFTYWK36500CE,07-10-2021 13:20,1400.05
BANKNIFTYWK36500CE,07-10-2021 13:23,1360.45
BANKNIFTYWK36500CE,07-10-2021 13:24,1360.05
BANKNIFTYWK36500CE,07-10-2021 13:25,1350
BANKNIFTYWK36500CE,07-10-2021 13:26,1354
BANKNIFTYWK36500CE,07-10-2021 13:31,1345.9
BANKNIFTYWK36500CE,07-10-2021 13:32,1369.3
BANKNIFTYWK36500CE,07-10-2021 13:33,1334.65
BANKNIFTYWK36500CE,07-10-2021 13:34,1310
BANKNIFTYWK36500CE,07-10-2021 13:35,1300
BANKNIFTYWK36500CE,07-10-2021 13:36,1289
BANKNIFTYWK36500CE,07-10-2021 13:37,1289
BANKNIFTYWK36500CE,07-10-2021 13:38,1275
BANKNIFTYWK36500CE,07-10-2021 13:40,1281
BANKNIFTYWK36500CE,07-10-2021 13:41,1281
BANKNIFTYWK36500CE,07-10-2021 13:43,1309.85
BANKNIFTYWK36500CE,07-10-2021 13:45,1298.15
BANKNIFTYWK36500CE,07-10-2021 13:47,1289.35
BANKNIFTYWK36500CE,07-10-2021 13:48,1296.35
BANKNIFTYWK36500CE,07-10-2021 13:50,1296.35
BANKNIFTYWK36500CE,07-10-2021 13:51,1274
BANKNIFTYWK36500CE,07-10-2021 13:52,1285
BANKNIFTYWK36500CE,07-10-2021 13:54,1305
BANKNIFTYWK36500CE,07-10-2021 13:56,1315.2
BANKNIFTYWK36500CE,07-10-2021 13:57,1330.05
BANKNIFTYWK36500CE,07-10-2021 13:58,1340.45
BANKNIFTYWK36500CE,07-10-2021 13:59,1344.15
BANKNIFTYWK36500CE,07-10-2021 14:00,1350
BANKNIFTYWK36500CE,07-10-2021 14:01,1362.25
BANKNIFTYWK36500CE,07-10-2021 14:03,1361.9
BANKNIFTYWK36500CE,07-10-2021 14:05,1365
BANKNIFTYWK36500CE,07-10-2021 14:06,1383.5
BANKNIFTYWK36500CE,07-10-2021 14:07,1383.5
BANKNIFTYWK36500CE,07-10-2021 14:10,1370
BANKNIFTYWK36500CE,07-10-2021 14:11,1370
BANKNIFTYWK36500CE,07-10-2021 14:15,1360
BANKNIFTYWK36500CE,07-10-2021 14:19,1360
BANKNIFTYWK36500CE,07-10-2021 14:20,1365.7
BANKNIFTYWK36500CE,07-10-2021 14:23,1392.05
BANKNIFTYWK36500CE,07-10-2021 14:24,1394.7
BANKNIFTYWK36500CE,07-10-2021 14:25,1400
BANKNIFTYWK36500CE,07-10-2021 14:26,1394.9
BANKNIFTYWK36500CE,07-10-2021 14:28,1394.9
BANKNIFTYWK36500CE,07-10-2021 14:29,1394.9
BANKNIFTYWK36500CE,07-10-2021 14:31,1380
BANKNIFTYWK36500CE,07-10-2021 14:32,1380
BANKNIFTYWK36500CE,07-10-2021 14:33,1365
BANKNIFTYWK36500CE,07-10-2021 14:34,1337.15
BANKNIFTYWK36500CE,07-10-2021 14:35,1324.4
BANKNIFTYWK36500CE,07-10-2021 14:36,1324.4
BANKNIFTYWK36500CE,07-10-2021 14:38,1308.3
BANKNIFTYWK36500CE,07-10-2021 14:39,1292.55
BANKNIFTYWK36500CE,07-10-2021 14:42,1290.05
BANKNIFTYWK36500CE,07-10-2021 14:43,1272.1
BANKNIFTYWK36500CE,07-10-2021 14:46,1296.4
BANKNIFTYWK36500CE,07-10-2021 14:48,1301.15
BANKNIFTYWK36500CE,07-10-2021 14:54,1317.95
BANKNIFTYWK36500CE,07-10-2021 14:55,1309.8
BANKNIFTYWK36500CE,07-10-2021 14:56,1312.75
BANKNIFTYWK36500CE,07-10-2021 14:57,1325.25
BANKNIFTYWK36500CE,07-10-2021 14:58,1328.15
BANKNIFTYWK36500CE,07-10-2021 14:59,1308
BANKNIFTYWK36500CE,07-10-2021 15:00,1308
BANKNIFTYWK36500CE,07-10-2021 15:02,1283.05
BANKNIFTYWK36500CE,07-10-2021 15:03,1256.45
BANKNIFTYWK36500CE,07-10-2021 15:04,1256.5
BANKNIFTYWK36500CE,07-10-2021 15:05,1286.6
BANKNIFTYWK36500CE,07-10-2021 15:06,1287.55
BANKNIFTYWK36500CE,07-10-2021 15:07,1290
BANKNIFTYWK36500CE,07-10-2021 15:08,1274
BANKNIFTYWK36500CE,07-10-2021 15:09,1265
BANKNIFTYWK36500CE,07-10-2021 15:10,1258.1
BANKNIFTYWK36500CE,07-10-2021 15:13,1258.05
BANKNIFTYWK36500CE,07-10-2021 15:14,1258.05
BANKNIFTYWK36500CE,07-10-2021 15:15,1254.7
BANKNIFTYWK36500CE,07-10-2021 15:16,1252.85
BANKNIFTYWK36500CE,07-10-2021 15:17,1260
BANKNIFTYWK36500CE,07-10-2021 15:18,1252
BANKNIFTYWK36500CE,07-10-2021 15:20,1250
BANKNIFTYWK36500CE,07-10-2021 15:21,1250.8
BANKNIFTYWK36500CE,07-10-2021 15:22,1250
BANKNIFTYWK36500CE,07-10-2021 15:23,1251
BANKNIFTYWK36500CE,07-10-2021 15:26,1251
BANKNIFTYWK36500CE,07-10-2021 15:27,1250.7
BANKNIFTYWK36500CE,07-10-2021 15:29,1251.45
